date,symbol,spot_price,near_contract,near_contract_price,dominant_contract,dominant_contract_price,near_month,dominant_month,near_basis,dom_basis,near_basis_rate,dom_basis_rate
2025-11-06,J,1451.25,j2511,1713.0,j2601,1767.5,2511,2601,261.75,316.25,0.180361757105943,0.2179155900086131
2025-11-07,J,1451.25,j2511,1713.0,j2601,1764.5,2511,2601,261.75,313.25,0.180361757105943,0.215848406546081
2025-11-10,J,1451.25,j2511,1713.0,j2601,1748.0,2511,2601,261.75,296.75,0.180361757105943,0.2044788975021534
2025-11-11,J,1451.25,j2511,1713.0,j2601,1722.0,2511,2601,261.75,270.75,0.180361757105943,0.18656330749354
2025-11-12,J,1451.25,j2511,1713.0,j2601,1691.0,2511,2601,261.75,239.75,0.180361757105943,0.1652024117140396
2025-11-13,J,1451.25,j2511,1818.0,j2601,1686.0,2511,2601,366.75,234.75,0.2527131782945737,0.1617571059431524
2025-11-14,J,1451.25,j2511,1718.5,j2601,1680.5,2511,2601,267.25,229.25,0.184151593453919,0.1579672695951766
2025-11-17,J,1451.25,j2512,1673.5,j2601,1710.0,2512,2601,222.25,258.75,0.1531438415159345,0.1782945736434109
2025-11-18,J,1538.75,j2512,1619.5,j2601,1649.5,2512,2601,80.75,110.75,0.0524776604386676,0.071974004874086
2025-11-19,J,1538.75,j2512,1625.0,j2601,1639.0,2512,2601,86.25,100.25,0.0560519902518277,0.0651502843216897
2025-11-20,J,1538.75,j2512,1600.0,j2601,1633.5,2512,2601,61.25,94.75,0.0398050365556457,0.0615759545085297
2025-11-21,J,1538.75,j2512,1599.5,j2601,1614.5,2512,2601,60.75,75.75,0.0394800974817222,0.0492282696994312
2025-11-24,J,1538.75,j2512,1610.0,j2601,1632.5,2512,2601,71.25,93.75,0.0463038180341186,0.0609260763606824
2025-11-25,J,1538.75,j2512,1609.5,j2601,1643.0,2512,2601,70.75,104.25,0.0459788789601949,0.0677497969130787
2025-11-26,J,1538.75,j2512,1606.5,j2601,1619.0,2512,2601,67.75,80.25,0.044029244516653,0.0521527213647441
2025-11-27,J,1577.5,j2512,1557.0,j2601,1607.0,2512,2601,-20.5,29.5,-0.0129952456418384,0.0187004754358162
2025-11-28,J,1577.5,j2512,1542.0,j2601,1574.5,2512,2601,-35.5,-3.0,-0.0225039619651347,-0.0019017432646593
2025-12-01,J,1577.5,j2512,1531.5,j2601,1619.5,2512,2601,-46.0,42.0,-0.0291600633914421,0.0266244057052298
2025-12-02,J,1538.75,j2512,1531.5,j2601,1629.5,2512,2601,-7.25,90.75,-0.0047116165718927,0.0589764419171405
2025-12-03,J,1538.75,j2512,1531.5,j2601,1624.5,2512,2601,-7.25,85.75,-0.0047116165718927,0.0557270511779042
2025-12-04,J,1538.75,j2512,1590.0,j2601,1651.5,2512,2601,51.25,112.75,0.033306255077173,0.0732737611697806
2025-12-05,J,1538.75,j2512,1511.0,j2601,1585.0,2512,2601,-27.75,46.25,-0.0180341186027619,0.0300568643379366
2025-12-08,J,1538.75,j2512,1500.0,j2601,1537.0,2512,2601,-38.75,-1.75,-0.0251827782290819,-0.0011372867587327
2025-12-09,J,1538.75,j2512,1500.0,j2601,1514.0,2512,2601,-38.75,-24.75,-0.0251827782290819,-0.0160844841592201
2025-12-10,J,1538.75,j2512,1498.0,j2601,1527.0,2512,2601,-40.75,-11.75,-0.0264825345247765,-0.0076360682372055
2025-12-11,J,1538.75,j2512,1498.0,j2601,1491.5,2512,2601,-40.75,-47.25,-0.0264825345247765,-0.0307067424857838
2025-12-12,J,1538.75,j2512,1420.0,j2601,1475.0,2512,2601,-118.75,-63.75,-0.0771730300568643,-0.041429731925264
2025-12-15,J,1496.25,j2601,1503.5,j2601,1503.5,2601,2601,7.25,7.25,0.0048454469507102,0.0048454469507102
2025-12-16,J,1496.25,j2601,1514.5,j2605,1670.0,2601,2605,18.25,173.75,0.0121971595655805,0.1161236424394318
2025-12-17,J,1496.25,j2601,1530.5,j2605,1663.5,2601,2605,34.25,167.25,0.0228905597326649,0.1117794486215539
2025-12-18,J,1496.25,j2601,1603.5,j2605,1743.0,2601,2605,107.25,246.75,0.0716791979949875,0.1649122807017544
2025-12-19,J,1496.25,j2601,1597.5,j2605,1740.0,2601,2605,101.25,243.75,0.0676691729323308,0.162907268170426
2025-12-22,J,1496.25,j2601,1607.0,j2605,1743.5,2601,2605,110.75,247.25,0.0740183792815372,0.1652464494569758
2025-12-23,J,1442.5,j2601,1599.0,j2605,1741.0,2601,2605,156.5,298.5,0.1084922010398614,0.2069324090121316
2025-12-24,J,1442.5,j2601,1601.5,j2605,1746.0,2601,2605,159.0,303.5,0.1102253032928943,0.2103986135181976
2025-12-25,J,1442.5,j2601,1589.0,j2605,1739.0,2601,2605,146.5,296.5,0.1015597920277295,0.2055459272097053
2025-12-26,J,1442.5,j2601,1572.0,j2605,1720.0,2601,2605,129.5,277.5,0.0897746967071058,0.192374350086655
2025-12-29,J,1442.5,j2601,1566.0,j2605,1680.5,2601,2605,123.5,238.0,0.0856152512998267,0.1649913344887348
2025-12-30,J,1442.5,j2601,1560.0,j2605,1715.0,2601,2605,117.5,272.5,0.0814558058925476,0.1889081455805892
2025-12-31,J,1442.5,j2601,1499.0,j2605,1693.0,2601,2605,56.5,250.5,0.0391681109185442,0.1736568457538994
2026-01-05,J,1391.25,j2601,1443.5,j2605,1648.5,2601,2605,52.25,257.25,0.0375561545372866,0.1849056603773584
2026-01-06,J,1442.5,j2601,1430.0,j2605,1655.0,2601,2605,-12.5,212.5,-0.0086655112651646,0.147313691507799
2026-01-07,J,1442.5,j2601,1500.0,j2605,1773.0,2601,2605,57.5,330.5,0.0398613518197574,0.2291161178509533
2026-01-08,J,1442.5,j2601,1500.0,j2605,1765.0,2601,2605,57.5,322.5,0.0398613518197574,0.2235701906412477
2026-01-09,J,1442.5,j2601,1500.0,j2605,1748.0,2601,2605,57.5,305.5,0.0398613518197574,0.2117850953206239
2026-01-12,J,1442.5,j2601,1500.0,j2605,1770.0,2601,2605,57.5,327.5,0.0398613518197574,0.2270363951473137
2026-01-13,J,1391.25,j2601,1500.0,j2605,1745.0,2601,2605,108.75,353.75,0.0781671159029648,0.2542677448337826
2026-01-14,J,1391.25,j2601,1500.0,j2605,1738.5,2601,2605,108.75,347.25,0.0781671159029648,0.2495956873315363
2026-01-15,J,1391.25,j2601,1500.0,j2605,1745.0,2601,2605,108.75,353.75,0.0781671159029648,0.2542677448337826
2026-01-16,J,1391.25,j2601,1448.0,j2605,1717.0,2601,2605,56.75,325.75,0.0407906558849955,0.2341419586702606
2026-01-19,J,1391.25,j2602,1471.0,j2605,1721.0,2602,2605,79.75,329.75,0.0573225516621742,0.2370170709793351
2026-01-20,J,1391.25,j2602,1408.5,j2605,1673.5,2602,2605,17.25,282.25,0.0123989218328841,0.2028751123090746
2026-01-21,J,1391.25,j2602,1385.0,j2605,1683.5,2602,2605,-6.25,292.25,-0.0044923629829289,0.2100628930817609
2026-01-22,J,1391.25,j2602,1386.5,j2605,1688.0,2602,2605,-4.75,296.75,-0.003414195867026,0.2132973944294698
2026-01-23,J,1391.25,j2602,1374.0,j2605,1722.0,2602,2605,-17.25,330.75,-0.012398921832884,0.2377358490566037
2026-01-26,J,1391.25,j2602,1378.5,j2605,1719.0,2602,2605,-12.75,327.75,-0.0091644204851751,0.2355795148247979
2026-01-27,J,1391.25,j2602,1284.5,j2605,1668.0,2602,2605,-106.75,276.75,-0.0767295597484276,0.1989218328840969
2026-01-28,J,1391.25,j2602,1339.0,j2605,1684.0,2602,2605,-52.25,292.75,-0.0375561545372866,0.2104222821203953
2026-01-29,J,1391.25,j2602,1350.0,j2605,1723.0,2602,2605,-41.25,331.75,-0.0296495956873314,0.2384546271338723
2026-01-30,J,1391.25,j2602,1266.5,j2605,1721.5,2602,2605,-124.75,330.25,-0.0896675651392632,0.2373764600179695
2026-02-02,J,1391.25,j2602,1407.5,j2605,1680.5,2602,2605,16.25,289.25,0.0116801437556155,0.2079065588499551
2026-02-03,J,1391.25,j2602,1488.0,j2605,1715.0,2602,2605,96.75,323.75,0.0695417789757413,0.2327044025157232
2026-02-04,J,1443.75,j2602,1518.0,j2605,1770.0,2602,2605,74.25,326.25,0.0514285714285713,0.2259740259740259
2026-02-05,J,1443.75,j2602,1518.0,j2605,1738.0,2602,2605,74.25,294.25,0.0514285714285713,0.2038095238095238
2026-02-06,J,1443.75,j2602,1518.0,j2605,1698.5,2602,2605,74.25,254.75,0.0514285714285713,0.1764502164502164
2026-02-09,J,1443.75,j2602,1518.0,j2605,1703.5,2602,2605,74.25,259.75,0.0514285714285713,0.1799134199134198
2026-02-10,J,1443.75,j2602,1518.0,j2605,1665.0,2602,2605,74.25,221.25,0.0514285714285713,0.1532467532467532
2026-02-11,J,1443.75,j2602,1339.0,j2605,1684.0,2602,2605,-104.75,240.25,-0.0725541125541126,0.1664069264069263
2026-02-12,J,1443.75,j2602,1518.0,j2605,1664.0,2602,2605,74.25,220.25,0.0514285714285713,0.1525541125541125
2026-02-13,J,1443.75,j2602,1488.0,j2605,1682.0,2602,2605,44.25,238.25,0.0306493506493505,0.165021645021645
2026-02-24,J,1443.75,j2603,1422.0,j2605,1634.5,2603,2605,-21.75,190.75,-0.0150649350649351,0.132121212121212
2026-02-25,J,1443.75,j2603,1381.0,j2605,1674.0,2603,2605,-62.75,230.25,-0.0434632034632034,0.1594805194805195
2026-02-26,J,1443.75,j2603,1343.0,j2605,1644.0,2603,2605,-100.75,200.25,-0.0697835497835498,0.1387012987012987
2026-02-27,J,1443.75,j2603,1327.0,j2605,1635.5,2603,2605,-116.75,191.75,-0.0808658008658008,0.1328138528138527
2026-03-02,J,1443.75,j2603,1415.0,j2605,1652.0,2603,2605,-28.75,208.25,-0.0199134199134198,0.1442424242424242
2026-03-03,J,1443.75,j2603,1415.0,j2605,1694.0,2603,2605,-28.75,250.25,-0.0199134199134198,0.1733333333333333
2026-03-04,J,1443.75,j2603,1415.0,j2605,1672.0,2603,2605,-28.75,228.25,-0.0199134199134198,0.158095238095238
2026-03-05,J,1443.75,j2603,1415.0,j2605,1676.5,2603,2605,-28.75,232.75,-0.0199134199134198,0.1612121212121211
2026-03-06,J,1443.75,j2603,1415.0,j2605,1695.5,2603,2605,-28.75,251.75,-0.0199134199134198,0.1743722943722943
2026-03-09,J,1391.25,j2603,1415.0,j2605,1740.0,2603,2605,23.75,348.75,0.0170709793351302,0.2506738544474394
2026-03-10,J,1391.25,j2603,1415.0,j2605,1680.5,2603,2605,23.75,289.25,0.0170709793351302,0.2079065588499551
2026-03-11,J,1391.25,j2603,1415.0,j2605,1718.0,2603,2605,23.75,326.75,0.0170709793351302,0.2348607367475292
2026-03-12,J,1391.25,j2603,1415.0,j2605,1727.0,2603,2605,23.75,335.75,0.0170709793351302,0.241329739442947
2026-03-13,J,1391.25,j2603,1415.0,j2605,1737.5,2603,2605,23.75,346.25,0.0170709793351302,0.2488769092542677
2026-03-16,J,1391.25,j2604,1707.5,j2605,1746.0,2604,2605,316.25,354.75,0.2273135669362085,0.2549865229110513
2026-03-17,J,1391.25,j2604,1713.0,j2605,1732.0,2604,2605,321.75,340.75,0.231266846361186,0.2449236298292902
2026-03-18,J,1391.25,j2604,1729.5,j2605,1721.5,2604,2605,338.25,330.25,0.2431266846361186,0.2373764600179695
2026-03-19,J,1391.25,j2604,1683.5,j2605,1721.0,2604,2605,292.25,329.75,0.2100628930817609,0.2370170709793351
2026-03-20,J,1391.25,j2604,1707.0,j2605,1740.5,2604,2605,315.75,349.25,0.2269541778975741,0.2510332434860736
2026-03-23,J,1391.25,j2604,1819.0,j2605,1847.0,2604,2605,427.75,455.75,0.3074573225516621,0.3275831087151841
2026-03-24,J,1391.25,j2604,1776.0,j2605,1798.0,2604,2605,384.75,406.75,0.2765498652291105,0.2923629829290206
2026-03-25,J,1391.25,j2604,1776.0,j2605,1776.0,2604,2605,384.75,384.75,0.2765498652291105,0.2765498652291105
2026-03-26,J,1391.25,j2604,1743.5,j2605,1761.0,2604,2605,352.25,369.75,0.2531895777178796,0.2657681940700809
2026-03-27,J,1391.25,j2604,1743.5,j2605,1752.0,2604,2605,352.25,360.75,0.2531895777178796,0.2592991913746632
2026-03-30,J,1391.25,j2604,1706.5,j2605,1753.5,2604,2605,315.25,362.25,0.2265947888589399,0.260377358490566
2026-03-31,J,1391.25,j2604,1725.5,j2605,1701.5,2604,2605,334.25,310.25,0.2402515723270439,0.2230008984725966
2026-04-01,J,1391.25,j2604,1725.5,j2605,1675.0,2604,2605,334.25,283.75,0.2402515723270439,0.2039532794249774
2026-04-02,J,1436.25,j2604,1593.5,j2605,1691.5,2604,2605,157.25,255.25,0.1094865100087032,0.1777197563098347
2026-04-03,J,1436.25,j2604,1629.0,j2605,1670.0,2604,2605,192.75,233.75,0.1342036553524803,0.1627502175805049
2026-04-07,J,1436.25,j2604,1629.0,j2605,1662.0,2604,2605,192.75,225.75,0.1342036553524803,0.1571801566579633
2026-04-08,J,1436.25,j2604,1629.0,j2605,1688.0,2604,2605,192.75,251.75,0.1342036553524803,0.1752828546562228
2026-04-09,J,1436.25,j2604,1629.0,j2605,1661.5,2604,2605,192.75,225.25,0.1342036553524803,0.1568320278503046
2026-04-10,J,1436.25,j2604,1629.0,j2605,1640.0,2604,2605,192.75,203.75,0.1342036553524803,0.1418624891209747
2026-04-13,J,1436.25,j2604,1629.0,j2605,1648.5,2604,2605,192.75,212.25,0.1342036553524803,0.1477806788511748
2026-04-14,J,1436.25,j2604,1629.0,j2605,1645.0,2604,2605,192.75,208.75,0.1342036553524803,0.1453437771975632
2026-04-15,J,1436.25,j2604,1629.0,j2605,1691.0,2604,2605,192.75,254.75,0.1342036553524803,0.1773716275021757
2026-04-16,J,1436.25,j2605,1709.5,j2605,1709.5,2605,2605,273.25,273.25,0.1902523933855526,0.1902523933855526
2026-04-17,J,1436.25,j2605,1695.0,j2609,1778.0,2605,2609,258.75,341.75,0.1801566579634463,0.2379460400348128
2026-04-20,J,1436.25,j2605,1738.0,j2609,1825.0,2605,2609,301.75,388.75,0.2100957354221062,0.2706701479547433
2026-04-21,J,1535.0,j2605,1754.5,j2609,1838.0,2605,2609,219.5,303.0,0.1429967426710097,0.1973941368078176
2026-04-22,J,1560.0,j2605,1754.0,j2609,1844.5,2605,2609,194.0,284.5,0.1243589743589743,0.1823717948717949
2026-04-23,J,1560.0,j2605,1742.0,j2609,1835.5,2605,2609,182.0,275.5,0.1166666666666667,0.1766025641025641
2026-04-24,J,1560.0,j2605,1742.0,j2609,1833.0,2605,2609,182.0,273.0,0.1166666666666667,0.175
2026-04-27,J,1560.0,j2605,1750.5,j2609,1848.5,2605,2609,190.5,288.5,0.1221153846153846,0.1849358974358974
2026-04-28,J,1560.0,j2605,1697.5,j2609,1818.0,2605,2609,137.5,258.0,0.0881410256410255,0.1653846153846154
2026-04-29,J,1560.0,j2605,1701.5,j2609,1834.0,2605,2609,141.5,274.0,0.0907051282051281,0.1756410256410256
2026-04-30,J,1560.0,j2605,1696.5,j2609,1841.0,2605,2609,136.5,281.0,0.0874999999999999,0.1801282051282051
2026-05-06,J,1560.0,j2605,1759.0,j2609,1879.5,2605,2609,199.0,319.5,0.1275641025641025,0.2048076923076922
2026-05-07,J,1560.0,j2605,1759.0,j2609,1860.0,2605,2609,199.0,300.0,0.1275641025641025,0.1923076923076923
2026-05-08,J,1560.0,j2605,1759.0,j2609,1828.0,2605,2609,199.0,268.0,0.12756410256410255,0.17179487179487185
