date,symbol,close,volume,open_interest,roll_yield
20251110,AD2511,20925.0,156,2376,0.0602150537634411
20251110,AD2512,21030.0,894,3424,0.0004808539966981
20251110,AD2601,21105.0,5030,14909,0.031272210376688
20251110,AD2602,21160.0,865,7367,0.0
20251110,AD2603,21160.0,349,368,-0.0141776937618152
20251110,AD2604,21135.0,7,24,-0.0028388928317961
20251110,AD2605,21130.0,2,255,-0.1249408424041642
20251110,AD2606,20910.0,0,15,-0.0975609756097566
20251110,AD2607,20740.0,0,11,0.1677917068466721
20251110,AD2608,21030.0,0,7,-0.1654778887303858
20251110,AD2609,20740.0,0,3,0.0781099324975898
20251110,AD2610,20875.0,0,3,0.0
20251111,AD2511,20940.0,69,2430,0.0143266475644701
20251111,AD2512,20965.0,639,3363,0.0004823448390441
20251111,AD2601,21040.0,4323,14938,0.0342205323193915
20251111,AD2602,21100.0,551,7435,0.0
20251111,AD2603,21100.0,141,383,0.0398104265402841
20251111,AD2604,21170.0,4,26,-0.0113367973547466
20251111,AD2605,21150.0,2,256,-0.1191489361702129
20251111,AD2606,20940.0,0,15,-0.0716332378223492
20251111,AD2607,20815.0,0,11,0.1239490751861644
20251111,AD2608,21030.0,0,7,-0.1626248216833095
20251111,AD2609,20745.0,0,3,0.387563268257411
20251111,AD2610,21415.0,1,4,0.0
20251112,AD2511,20935.0,0,2430,0.1347026510628124
20251112,AD2512,21170.0,738,3382,0.0004776740458461
20251112,AD2601,21245.0,6280,15573,0.0310661332078145
20251112,AD2602,21300.0,845,7528,0.0084507042253534
20251112,AD2603,21315.0,52,379,-0.1210415200562984
20251112,AD2604,21100.0,9,32,0.068246445497631
20251112,AD2605,21220.0,26,271,-0.0311027332704991
20251112,AD2606,21165.0,2,16,-0.0992204110559891
20251112,AD2607,20990.0,0,11,0.0228680323963779
20251112,AD2608,21030.0,0,7,0.1312410841654792
20251112,AD2609,21260.0,1,3,0.087488240827847
20251112,AD2610,21415.0,0,4,0.0
20251113,AD2511,21170.0,30,2427,0.051015588096364
20251113,AD2512,21260.0,1486,3415,0.0005073620345217
20251113,AD2601,21340.0,9674,15134,0.0253045923149022
20251113,AD2602,21385.0,1173,7748,0.0140285246668216
20251113,AD2603,21410.0,118,365,0.0364315740308258
20251113,AD2604,21475.0,17,26,0.0419091967403959
20251113,AD2605,21550.0,76,272,-0.0640371229698377
20251113,AD2606,21435.0,18,15,0.0643806857942621
20251113,AD2607,21550.0,5,7,-0.1308584686774945
20251113,AD2608,21315.0,1,6,-0.1097818437719921
20251113,AD2609,21120.0,4,4,0.1676136363636358
20251113,AD2610,21415.0,0,4,0.0
20251114,AD2511,21130.0,246,2262,-0.0624704212020827
20251114,AD2512,21020.0,905,3217,0.0004810827569249
20251114,AD2601,21095.0,7459,14236,0.0284427589476168
20251114,AD2602,21145.0,1097,7998,0.0510759044691404
20251114,AD2603,21235.0,90,362,0.0847657169766904
20251114,AD2604,21385.0,9,27,-0.0364741641337382
20251114,AD2605,21320.0,139,248,0.0928705440900552
20251114,AD2606,21485.0,3,14,-0.0335117523853845
20251114,AD2607,21425.0,6,8,0.0336056009334893
20251114,AD2608,21485.0,7,10,-0.2373749127298112
20251114,AD2609,21060.0,2,4,0.2022792022792021
20251114,AD2610,21415.0,0,4,0.0
20251117,AD2511,20830.0,33,2286,0.0576092174747957
20251117,AD2512,20930.0,1292,2973,0.000386521148612
20251117,AD2601,20990.0,6613,13699,0.028585040495475
20251117,AD2602,21040.0,697,8108,0.0057034220532328
20251117,AD2603,21050.0,40,362,0.0256532066508317
20251117,AD2604,21095.0,3,28,0.0312870348423803
20251117,AD2605,21150.0,14,247,0.0907801418439717
20251117,AD2606,21310.0,0,14,-0.1013608634443925
20251117,AD2607,21130.0,2,7,0.1561760530052049
20251117,AD2608,21405.0,0,10,-0.1345480028030836
20251117,AD2609,21165.0,3,4,0.1247342310418133
20251117,AD2610,21385.0,0,4,0.0
20251118,AD2512,20680.0,1040,2776,0.0003259948275487
20251118,AD2601,20730.0,5780,13191,0.0318379160636759
20251118,AD2602,20785.0,769,8335,0.0144334856867924
20251118,AD2603,20810.0,88,360,0.0432484382508402
20251118,AD2604,20885.0,4,29,0.0603303806559729
20251118,AD2605,20990.0,22,239,0.120057170080992
20251118,AD2606,21200.0,0,14,-0.0594339622641504
20251118,AD2607,21095.0,0,7,-0.0739511732638069
20251118,AD2608,20965.0,1,10,0.0858573813498688
20251118,AD2609,21115.0,0,4,-0.0255742363248878
20251118,AD2610,21070.0,2,4,0.1651637399145702
20251118,AD2611,21360.0,0,0,0.0
20251119,AD2512,20740.0,312,2730,0.0004875776061022
20251119,AD2601,20815.0,4357,12702,0.014412683161181
20251119,AD2602,20840.0,374,8511,0.0287907869481767
20251119,AD2603,20890.0,90,356,0.0
20251119,AD2604,20890.0,0,29,0.0488271900430836
20251119,AD2605,20975.0,2,239,0.1287246722288451
20251119,AD2606,21200.0,0,14,-0.0594339622641504
20251119,AD2607,21095.0,0,7,-0.0739511732638069
20251119,AD2608,20965.0,0,10,0.008585738134986
20251119,AD2609,20980.0,2,4,-0.0114394661582455
20251119,AD2610,20960.0,0,4,0.2261450381679388
20251119,AD2611,21355.0,0,0,0.0
20251120,AD2512,20730.0,811,2731,0.0003252085399762
20251120,AD2601,20780.0,4864,12349,0.0288739172281031
20251120,AD2602,20830.0,472,8653,0.0172827652424389
20251120,AD2603,20860.0,16,353,0.0402684563758395
20251120,AD2604,20930.0,4,31,0.037267080745341
20251120,AD2605,20995.0,1,238,0.0571564658251952
20251120,AD2606,21095.0,0,14,0.0
20251120,AD2607,21095.0,0,7,-0.0739511732638069
20251120,AD2608,20965.0,0,10,0.0200333889816359
20251120,AD2609,21000.0,0,4,-0.0228571428571422
20251120,AD2610,20960.0,0,4,0.2061068702290063
20251120,AD2611,21320.0,0,0,0.0
20251121,AD2512,20540.0,916,2637,0.0003610384779492
20251121,AD2601,20595.0,5656,12024,0.0349599417334296
20251121,AD2602,20655.0,1127,8950,0.014524328249819
20251121,AD2603,20680.0,20,359,0.1479690522243721
20251121,AD2604,20935.0,0,31,-0.1060425125388109
20251121,AD2605,20750.0,2,238,0.1995180722891572
20251121,AD2606,21095.0,0,14,-0.1393695188433272
20251121,AD2607,20850.0,0,7,0.0661870503597112
20251121,AD2608,20965.0,0,10,-0.0286191271166234
20251121,AD2609,20915.0,7,7,0.0258187903418596
20251121,AD2610,20960.0,0,4,0.0143129770992356
20251121,AD2611,20985.0,0,0,0.0
20251124,AD2512,20600.0,1593,2522,0.0002290825788153
20251124,AD2601,20635.0,4666,11192,0.0407075357402479
20251124,AD2602,20705.0,944,9169,0.0289785076068582
20251124,AD2603,20755.0,33,359,0.1040713081185265
20251124,AD2604,20935.0,0,31,-0.077382374014808
20251124,AD2605,20800.0,60,194,0.0923076923076919
20251124,AD2606,20960.0,0,14,-0.0629770992366407
20251124,AD2607,20850.0,0,7,0.0661870503597112
20251124,AD2608,20965.0,0,10,0.0744097305032189
20251124,AD2609,21095.0,1,7,-0.153590898317137
20251124,AD2610,20825.0,1,4,0.0921968787514995
20251124,AD2611,20985.0,0,0,0.0
20251125,AD2512,20630.0,497,2348,0.0004901773897509
20251125,AD2601,20705.0,3472,10428,0.0318763583675441
20251125,AD2602,20760.0,467,9248,0.0433526011560694
20251125,AD2603,20835.0,36,367,-0.0172786177105837
20251125,AD2604,20805.0,5,27,0.0144196106705125
20251125,AD2605,20830.0,10,199,0.0720115218434953
20251125,AD2606,20955.0,1,15,-0.0601288475304224
20251125,AD2607,20850.0,0,7,0.1064748201438847
20251125,AD2608,21035.0,1,10,0.0085571666270505
20251125,AD2609,21050.0,1,6,-0.1282660332541572
20251125,AD2610,20825.0,0,4,0.0921968787514995
20251125,AD2611,20985.0,0,0,0.0
20251126,AD2512,20640.0,298,2152,0.0003592892605173
20251126,AD2601,20695.0,5503,7294,0.0318917612949976
20251126,AD2602,20750.0,2076,10157,0.0173493975903609
20251126,AD2603,20780.0,3842,3735,0.023099133782483
20251126,AD2604,20820.0,205,83,-0.0115273775216144
20251126,AD2605,20800.0,7,199,0.0403846153846165
20251126,AD2606,20870.0,6,13,-0.0114997604216582
20251126,AD2607,20850.0,0,7,0.0546762589928064
20251126,AD2608,20945.0,1,10,0.0572929100023866
20251126,AD2609,21045.0,7,7,-0.1254454739843189
20251126,AD2610,20825.0,0,4,0.0921968787514995
20251126,AD2611,20985.0,0,0,0.0
20251127,AD2512,20680.0,697,1675,0.0
20251127,AD2601,20680.0,4744,5516,0.0116054158607346
20251127,AD2602,20700.0,3240,11928,0.0637681159420298
20251127,AD2603,20810.0,1434,4541,0.0345987506006721
20251127,AD2604,20870.0,204,117,0.0143747005270711
20251127,AD2605,20895.0,20,202,0.0430725053840639
20251127,AD2606,20970.0,2,11,0.0085836909871241
20251127,AD2607,20985.0,1,7,0.0142959256611874
20251127,AD2608,21010.0,3,8,0.0514040932889088
20251127,AD2609,21100.0,2,5,-0.1563981042654028
20251127,AD2610,20825.0,0,4,0.0921968787514995
20251127,AD2611,20985.0,0,0,0.0
20251128,AD2512,20780.0,379,1500,0.0001297704145083
20251128,AD2601,20800.0,3663,4500,0.0461538461538459
20251128,AD2602,20880.0,3505,13555,0.0488505747126444
20251128,AD2603,20965.0,2605,5546,-0.0057238254233249
20251128,AD2604,20955.0,161,161,-0.0572655690765926
20251128,AD2605,20855.0,16,201,0.0661711819707511
20251128,AD2606,20970.0,0,11,-0.0228898426323325
20251128,AD2607,20930.0,1,6,0.040133779264214
20251128,AD2608,21000.0,0,8,0.0485714285714289
20251128,AD2609,21085.0,0,5,-0.1479724922930994
20251128,AD2610,20825.0,0,4,0.0921968787514995
20251128,AD2611,20985.0,0,0,0.0
20251201,AD2512,20990.0,57,1539,0.000417534299372
20251201,AD2601,21055.0,4094,3707,0.0313464735217294
20251201,AD2602,21110.0,6306,14793,0.0397915679772609
20251201,AD2603,21180.0,1978,6286,0.0
20251201,AD2604,21180.0,43,172,-0.0141643059490088
20251201,AD2605,21155.0,35,203,-0.0113448357362324
20251201,AD2606,21135.0,2,9,0.0397444996451383
20251201,AD2607,21205.0,0,6,-0.116010374911577
20251201,AD2608,21000.0,0,8,0.0914285714285716
20251201,AD2609,21160.0,1,5,-0.0992438563327038
20251201,AD2610,20985.0,0,4,0.0
20251201,AD2611,20985.0,0,0,0.0
20251202,AD2512,20980.0,78,1557,0.0002891999871466
20251202,AD2601,21025.0,2238,3309,0.0399524375743149
20251202,AD2602,21095.0,5751,15759,0.0568855178952363
20251202,AD2603,21195.0,1488,6759,-0.0141542816702058
20251202,AD2604,21170.0,208,216,-0.0340103920642413
20251202,AD2605,21110.0,4,205,-0.0056845097110378
20251202,AD2606,21100.0,0,9,0.0597156398104274
20251202,AD2607,21205.0,0,6,-0.116010374911577
20251202,AD2608,21000.0,0,8,0.1428571428571423
20251202,AD2609,21250.0,3,5,-0.1383529411764708
20251202,AD2610,21005.0,0,4,0.1313972863603911
20251202,AD2611,21235.0,1,1,0.0
20251203,AD2512,21000.0,48,1551,0.0003531300160513
20251203,AD2601,21055.0,1206,3173,0.0512942293991924
20251203,AD2602,21145.0,3997,15983,0.0425632537242837
20251203,AD2603,21220.0,1604,7415,-0.0197926484448638
20251203,AD2604,21185.0,234,296,-0.0198253481236725
20251203,AD2605,21150.0,60,208,-0.0283687943262411
20251203,AD2606,21100.0,0,9,0.0597156398104274
20251203,AD2607,21205.0,0,6,-0.116010374911577
20251203,AD2608,21000.0,0,8,0.1485714285714285
20251203,AD2609,21260.0,0,5,-0.1157102539981185
20251203,AD2610,21055.0,0,4,0.1025884587983849
20251203,AD2611,21235.0,0,1,0.0
20251204,AD2512,21045.0,45,1539,-0.0001922045055939
20251204,AD2601,21015.0,1755,2917,0.0314061384725201
20251204,AD2602,21070.0,7304,16333,0.0256288561936397
20251204,AD2603,21115.0,1531,7754,0.0056831636277516
20251204,AD2604,21125.0,104,283,-0.0255621301775152
20251204,AD2605,21080.0,10,206,0.011385199240987
20251204,AD2606,21100.0,0,9,0.0597156398104274
20251204,AD2607,21205.0,0,6,-0.116010374911577
20251204,AD2608,21000.0,0,8,0.1057142857142858
20251204,AD2609,21185.0,2,7,-0.0736370073164978
20251204,AD2610,21055.0,0,4,0.1025884587983849
20251204,AD2611,21235.0,0,1,0.0
20251205,AD2512,20880.0,21,1518,0.0016789358129923
20251205,AD2601,21140.0,2283,2648,0.0283822138126765
20251205,AD2602,21190.0,8304,16876,0.0113260972156679
20251205,AD2603,21210.0,1573,8097,0.0311173974540306
20251205,AD2604,21265.0,192,306,-0.0451446038090765
20251205,AD2605,21185.0,35,214,-0.0481472740146329
20251205,AD2606,21100.0,0,9,0.0597156398104274
20251205,AD2607,21205.0,0,6,-0.116010374911577
20251205,AD2608,21000.0,0,8,0.1057142857142858
20251205,AD2609,21185.0,0,7,-0.0679726221383054
20251205,AD2610,21065.0,0,4,-0.0170899596487057
20251205,AD2611,21035.0,2,1,0.0
20251208,AD2512,21000.0,42,1485,0.0005778491171749
20251208,AD2601,21090.0,1530,2469,0.0256045519203418
20251208,AD2602,21135.0,5056,17202,0.034066713981546
20251208,AD2603,21195.0,995,8421,-0.0707714083510264
20251208,AD2604,21070.0,92,286,0.09966777408638
20251208,AD2605,21245.0,4,214,-0.0988467874794065
20251208,AD2606,21070.0,1,9,0.0768865685809219
20251208,AD2607,21205.0,0,6,-0.116010374911577
20251208,AD2608,21000.0,0,8,0.1885714285714295
20251208,AD2609,21330.0,1,7,-0.1490857946554142
20251208,AD2610,21065.0,0,4,0.0968431046760018
20251208,AD2611,21235.0,0,1,0.0
20251209,AD2512,20855.0,9,1479,-0.0006788445634517
20251209,AD2601,20750.0,1499,2227,0.0346987951807218
20251209,AD2602,20810.0,5382,17319,0.008649687650168
20251209,AD2603,20825.0,656,8526,0.0403361344537813
20251209,AD2604,20895.0,75,274,0.0057430007178744
20251209,AD2605,20905.0,13,212,0.0229610141114573
20251209,AD2606,20945.0,1,9,0.051563619002148
20251209,AD2607,21035.0,0,6,-0.0199667221297836
20251209,AD2608,21000.0,0,8,0.0742857142857129
20251209,AD2609,21130.0,2,6,-0.036914339801231
20251209,AD2610,21065.0,0,4,0.0370282459055317
20251209,AD2611,21130.0,0,1,0.0
20251210,AD2512,20855.0,3,1482,-3.2325931592947945e-05
20251210,AD2601,20850.0,651,2197,0.0460431654676272
20251210,AD2602,20930.0,4157,17403,0.0258002866698516
20251210,AD2603,20975.0,646,8665,0.0400476758045291
20251210,AD2604,21045.0,227,261,0.0370634354953658
20251210,AD2605,21110.0,4,209,-0.0937944102321171
20251210,AD2606,20945.0,0,9,0.051563619002148
20251210,AD2607,21035.0,0,6,-0.0199667221297836
20251210,AD2608,21000.0,0,8,0.1085714285714276
20251210,AD2609,21190.0,0,6,-0.0707881075979237
20251210,AD2610,21065.0,0,4,0.0370282459055317
20251210,AD2611,21130.0,0,1,0.0
20251211,AD2512,20855.0,21,1452,0.0003555852475223
20251211,AD2601,20910.0,410,2148,0.0315638450502158
20251211,AD2602,20965.0,3506,17569,0.028619127116622
20251211,AD2603,21015.0,494,8689,0.0085653104925045
20251211,AD2604,21030.0,256,283,0.0142653352353789
20251211,AD2605,21055.0,3,207,-0.0284967941106621
20251211,AD2606,21005.0,0,9,0.0171387764817909
20251211,AD2607,21035.0,0,6,0.0085571666270505
20251211,AD2608,21050.0,0,8,0.0798099762470316
20251211,AD2609,21190.0,0,6,-0.0707881075979237
20251211,AD2610,21065.0,0,4,0.0370282459055317
20251211,AD2611,21130.0,0,1,0.0
20251212,AD2512,20855.0,6,1458,0.0014223409900894
20251212,AD2601,21075.0,683,2087,0.0227758007117442
20251212,AD2602,21115.0,4280,17664,0.0369405635803925
20251212,AD2603,21180.0,567,8736,0.0283286118980177
20251212,AD2604,21230.0,75,298,0.0141309467734336
20251212,AD2605,21255.0,13,209,-0.1411432604093159
20251212,AD2606,21005.0,0,9,0.0171387764817909
20251212,AD2607,21035.0,0,6,0.0085571666270505
20251212,AD2608,21050.0,0,8,0.1596199524940607
20251212,AD2609,21330.0,1,6,-0.1490857946554142
20251212,AD2610,21065.0,0,4,0.0370282459055317
20251212,AD2611,21130.0,0,1,0.0
20251215,AD2512,20915.0,45,1458,0.0002578655714542
20251215,AD2601,20955.0,1155,2012,0.0372226198997864
20251215,AD2602,21020.0,6007,17839,0.0114176974310193
20251215,AD2603,21040.0,829,8801,0.0313688212927765
20251215,AD2604,21095.0,48,293,-0.0910168286323775
20251215,AD2605,20935.0,2,208,0.0401241939336047
20251215,AD2606,21005.0,0,9,0.0399904784575104
20251215,AD2607,21075.0,0,6,0.0626334519572946
20251215,AD2608,21185.0,1,7,0.0283219258909603
20251215,AD2609,21235.0,4,6,-0.0960678125735818
20251215,AD2610,21065.0,0,4,0.0370282459055317
20251215,AD2611,21130.0,0,1,0.0
20251216,AD2601,20900.0,933,1936,0.0287081339712926
20251216,AD2602,20950.0,4230,17626,0.0057279236276848
20251216,AD2603,20960.0,531,8874,0.0229007633587796
20251216,AD2604,21000.0,43,295,0.0114285714285724
20251216,AD2605,21020.0,5,206,-0.0085632730732632
20251216,AD2606,21005.0,0,9,0.0399904784575104
20251216,AD2607,21075.0,0,6,0.0626334519572946
20251216,AD2608,21185.0,0,7,0.0028321925890955
20251216,AD2609,21190.0,1,6,-0.0707881075979237
20251216,AD2610,21065.0,0,4,0.0370282459055317
20251216,AD2611,21130.0,0,1,0.3066729768102236
20251216,AD2612,21670.0,1,1,0.0
20251217,AD2601,20975.0,845,1976,0.0400476758045291
20251217,AD2602,21045.0,3574,17404,0.0114041339985755
20251217,AD2603,21065.0,508,8997,0.0142416330405881
20251217,AD2604,21090.0,45,295,-0.0483641536273111
20251217,AD2605,21005.0,0,206,0.0
20251217,AD2606,21005.0,0,9,0.045703403951439
20251217,AD2607,21085.0,0,6,0.0569124970358085
20251217,AD2608,21185.0,0,7,0.0028321925890955
20251217,AD2609,21190.0,0,6,-0.0707881075979237
20251217,AD2610,21065.0,0,4,0.0370282459055317
20251217,AD2611,21130.0,0,1,0.3066729768102236
20251217,AD2612,21670.0,0,1,0.0
20251218,AD2601,21050.0,1200,1960,0.0342042755344413
20251218,AD2602,21110.0,4632,17190,0.0312648034107061
20251218,AD2603,21165.0,495,9081,-0.01417434443657
20251218,AD2604,21140.0,28,299,-0.0056764427625353
20251218,AD2605,21130.0,4,206,-0.0709891150023662
20251218,AD2606,21005.0,0,9,0.0999761961437748
20251218,AD2607,21180.0,0,6,0.0028328611898009
20251218,AD2608,21185.0,0,7,0.0594760443710162
20251218,AD2609,21290.0,2,7,-0.1268201033348988
20251218,AD2610,21065.0,0,4,0.0370282459055317
20251218,AD2611,21130.0,0,1,0.2584003786086146
20251218,AD2612,21585.0,0,1,0.0
20251219,AD2601,21165.0,1217,1925,0.0396881644223956
20251219,AD2602,21235.0,4335,17216,0.025429715093006
20251219,AD2603,21280.0,553,9119,0.0
20251219,AD2604,21280.0,17,299,-0.0281954887218045
20251219,AD2605,21230.0,5,206,0.0113047574187463
20251219,AD2606,21250.0,4,10,-0.0028235294117653
20251219,AD2607,21245.0,0,6,-0.0338903271357966
20251219,AD2608,21185.0,0,7,0.0877979702619766
20251219,AD2609,21340.0,1,8,-0.1012183692596062
20251219,AD2610,21160.0,0,4,-0.0170132325141771
20251219,AD2611,21130.0,0,1,0.2584003786086146
20251219,AD2612,21585.0,0,1,0.0
20251222,AD2601,21200.0,1066,1835,0.0509433962264154
20251222,AD2602,21290.0,4594,17184,0.0028182245185526
20251222,AD2603,21295.0,1172,9301,0.0309931908898795
20251222,AD2604,21350.0,34,304,0.0168618266978928
20251222,AD2605,21380.0,11,210,-0.0168381665107579
20251222,AD2606,21350.0,2,9,-0.0590163934426235
20251222,AD2607,21245.0,0,6,0.07342904212756
20251222,AD2608,21375.0,1,7,0.0112280701754388
20251222,AD2609,21395.0,3,7,-0.0420659032484231
20251222,AD2610,21320.0,1,4,-0.1069418386491554
20251222,AD2611,21130.0,0,1,0.349266445811641
20251222,AD2612,21745.0,4,5,0.0
20251223,AD2601,21170.0,1032,1744,0.05384978743505
20251223,AD2602,21265.0,5739,16018,0.0197507641664715
20251223,AD2603,21300.0,2390,9891,0.014084507042253
20251223,AD2604,21325.0,49,302,-0.0281359906213367
20251223,AD2605,21275.0,10,206,0.0564042303172742
20251223,AD2606,21375.0,0,9,-0.0729824561403509
20251223,AD2607,21245.0,0,6,0.07342904212756
20251223,AD2608,21375.0,0,7,0.0364912280701741
20251223,AD2609,21440.0,1,7,-0.0391791044776113
20251223,AD2610,21370.0,1,3,-0.1347683668694435
20251223,AD2611,21130.0,0,1,0.2725982016090871
20251223,AD2612,21610.0,2,5,0.0
20251224,AD2601,21330.0,1439,1786,0.0843881856540091
20251224,AD2602,21480.0,7414,15141,-0.0083798882681564
20251224,AD2603,21465.0,3281,10866,-0.0223619846261353
20251224,AD2604,21425.0,75,309,-0.0140023337222872
20251224,AD2605,21400.0,14,207,-0.0140186915887845
20251224,AD2606,21375.0,0,9,-0.0729824561403509
20251224,AD2607,21245.0,0,6,0.07342904212756
20251224,AD2608,21375.0,0,7,0.0701754385964905
20251224,AD2609,21500.0,2,8,-0.0725581395348831
20251224,AD2610,21370.0,0,3,-0.1347683668694435
20251224,AD2611,21130.0,0,1,0.2697586370089926
20251224,AD2612,21605.0,0,5,0.0
20251225,AD2601,21195.0,1460,1599,0.0849256900212322
20251225,AD2602,21345.0,6506,13719,0.0112438510189747
20251225,AD2603,21365.0,2317,11338,0.0112333255324124
20251225,AD2604,21385.0,25,307,-0.0056114098667294
20251225,AD2605,21375.0,36,232,0.0
20251225,AD2606,21375.0,0,9,-0.0729824561403509
20251225,AD2607,21245.0,0,6,0.1073193692633553
20251225,AD2608,21435.0,1,7,-0.0363890832750173
20251225,AD2609,21370.0,8,5,0.0
20251225,AD2610,21370.0,0,3,0.0814225549836225
20251225,AD2611,21515.0,1,2,-0.0111550081338607
20251225,AD2612,21495.0,2,5,0.0
20251226,AD2601,21295.0,588,1229,0.0535336933552486
20251226,AD2602,21390.0,12844,7203,0.0196353436185123
20251226,AD2603,21425.0,5030,12657,0.0140023337222858
20251226,AD2604,21450.0,55,315,-0.0307692307692306
20251226,AD2605,21395.0,49,247,-0.0112175741995796
20251226,AD2606,21375.0,0,9,-0.0729824561403509
20251226,AD2607,21245.0,0,6,0.1976935749588131
20251226,AD2608,21595.0,5,8,-0.0305626302384807
20251226,AD2609,21540.0,3,7,-0.0947075208913652
20251226,AD2610,21370.0,0,3,0.0814225549836225
20251226,AD2611,21515.0,0,2,0.0223100162677214
20251226,AD2612,21555.0,0,5,0.0
20251229,AD2601,21505.0,446,1106,0.0474308300395254
20251229,AD2602,21590.0,9139,6056,0.0305697081982403
20251229,AD2603,21645.0,10227,13777,-0.0693000693000693
20251229,AD2604,21520.0,211,329,-0.0167286245353155
20251229,AD2605,21490.0,336,444,-0.064215914378781
20251229,AD2606,21375.0,0,9,-0.0729824561403509
20251229,AD2607,21245.0,0,6,0.192045187102849
20251229,AD2608,21585.0,0,8,0.0806115357887433
20251229,AD2609,21730.0,3,8,0.1518637827887712
20251229,AD2610,22005.0,1,4,-0.204498977505112
20251229,AD2611,21630.0,0,2,0.0388349514563115
20251229,AD2612,21700.0,1,5,0.0
20251230,AD2601,21360.0,378,1023,0.0280898876404505
20251230,AD2602,21410.0,6680,4465,0.0364315740308258
20251230,AD2603,21475.0,9685,15866,0.0167636786961589
20251230,AD2604,21505.0,62,327,-0.0083701464775636
20251230,AD2605,21490.0,130,493,0.0502559329920897
20251230,AD2606,21580.0,4,12,-0.0500463392029653
20251230,AD2607,21490.0,0,6,0.0586319218241042
20251230,AD2608,21595.0,5,8,0.0305626302384807
20251230,AD2609,21650.0,4,6,0.1607390300230937
20251230,AD2610,21940.0,0,4,-0.1695533272561529
20251230,AD2611,21630.0,0,2,0.0721220527045778
20251230,AD2612,21760.0,2,5,0.0
20251231,AD2601,22130.0,249,939,-0.1952101220063262
20251231,AD2602,21770.0,4395,3996,0.0468534680753327
20251231,AD2603,21855.0,7304,16784,-0.032944406314344
20251231,AD2604,21795.0,95,358,-0.0110116999311773
20251231,AD2605,21775.0,123,542,-0.1460390355912739
20251231,AD2606,21510.0,4,11,0.1087866108786617
20251231,AD2607,21705.0,2,7,-0.002764340013821
20251231,AD2608,21700.0,10,12,0.0138248847926263
20251231,AD2609,21725.0,2,8,0.1187571921749128
20251231,AD2610,21940.0,0,4,-0.0765724703737462
20251231,AD2611,21800.0,0,2,0.0577981651376156
20251231,AD2612,21905.0,6,6,0.0
20260105,AD2601,22435.0,42,933,-0.0133719634499662
20260105,AD2602,22410.0,4057,3889,0.0589022757697454
20260105,AD2603,22520.0,11820,18299,0.0053285968028431
20260105,AD2604,22530.0,171,366,0.0159786950732367
20260105,AD2605,22560.0,260,573,-0.106382978723404
20260105,AD2606,22360.0,6,11,-0.013416815742397
20260105,AD2607,22335.0,0,7,0.0671591672263263
20260105,AD2608,22460.0,4,11,0.0747996438112199
20260105,AD2609,22600.0,2,6,-0.1911504424778756
20260105,AD2610,22240.0,0,4,0.1780575539568341
20260105,AD2611,22570.0,0,2,0.1754541426672569
20260105,AD2612,22900.0,9,13,0.0
20260106,AD2601,22745.0,9,930,0.0765003297428013
20260106,AD2602,22890.0,5155,3769,0.055045871559634
20260106,AD2603,22995.0,18270,20162,-0.0052185257664709
20260106,AD2604,22985.0,506,615,0.0261039808570817
20260106,AD2605,23035.0,588,672,-0.0989798133275448
20260106,AD2606,22845.0,2,12,-0.0393959290873273
20260106,AD2607,22770.0,5,4,0.2160737812911728
20260106,AD2608,23180.0,14,23,-0.1397756686798965
20260106,AD2609,22910.0,7,9,0.0235704932343958
20260106,AD2610,22955.0,3,4,0.0052276192550637
20260106,AD2611,22965.0,0,2,0.1280209013716513
20260106,AD2612,23210.0,14,15,0.0
20260107,AD2601,22815.0,6,927,0.0736357659434574
20260107,AD2602,22955.0,2630,3564,0.0418209540405127
20260107,AD2603,23035.0,19559,20618,0.0078141957890167
20260107,AD2604,23050.0,599,668,0.0
20260107,AD2605,23050.0,417,647,-0.0780911062906724
20260107,AD2606,22900.0,4,11,0.1467248908296952
20260107,AD2607,23180.0,1,4,-0.2484900776531491
20260107,AD2608,22700.0,0,23,0.0977973568281944
20260107,AD2609,22885.0,4,8,0.1625518898842042
20260107,AD2610,23195.0,6,7,-0.0957102823884454
20260107,AD2611,23010.0,39,20,0.1460234680573666
20260107,AD2612,23290.0,5,17,0.0
20260108,AD2601,22400.0,63,909,0.075000000000001
20260108,AD2602,22540.0,5235,3329,0.0239574090505767
20260108,AD2603,22585.0,19770,21008,0.0265663050697364
20260108,AD2604,22635.0,1117,661,0.0424121935056325
20260108,AD2605,22715.0,566,630,0.1584855822143964
20260108,AD2606,23015.0,1,11,-0.0286769498153378
20260108,AD2607,22960.0,0,4,-0.1358885017421598
20260108,AD2608,22700.0,0,23,0.2167400881057277
20260108,AD2609,23110.0,0,8,-0.2466464733881439
20260108,AD2610,22635.0,19,6,0.1139827700463875
20260108,AD2611,22850.0,20,2,-0.0866520787746165
20260108,AD2612,22685.0,20,6,0.0
20260109,AD2601,22880.0,57,813,0.0550699300699299
20260109,AD2602,22985.0,2545,3396,0.0
20260109,AD2603,22985.0,20035,21648,0.0234935827713735
20260109,AD2604,23030.0,559,770,-0.0442900564481112
20260109,AD2605,22945.0,229,641,0.0366092830682074
20260109,AD2606,23015.0,0,11,-0.0286769498153378
20260109,AD2607,22960.0,0,4,0.0574912891986061
20260109,AD2608,23070.0,2,23,0.0208062418725605
20260109,AD2609,23110.0,0,8,-0.1999134573777587
20260109,AD2610,22725.0,2,6,-0.0897689768976897
20260109,AD2611,22555.0,1,2,0.050543116825537
20260109,AD2612,22650.0,3,4,0.0
20260112,AD2601,23050.0,63,750,0.1119305856832983
20260112,AD2602,23265.0,2324,3291,0.0386847195357837
20260112,AD2603,23340.0,17266,21990,-0.0102827763496149
20260112,AD2604,23320.0,416,836,0.0154373927958832
20260112,AD2605,23350.0,245,657,0.0308351177730195
20260112,AD2606,23410.0,3,12,-0.0845792396411786
20260112,AD2607,23245.0,2,5,0.1161540116154
20260112,AD2608,23470.0,1,23,-0.1303792074989354
20260112,AD2609,23215.0,0,8,0.0956278268360968
20260112,AD2610,23400.0,6,11,-0.0948717948717945
20260112,AD2611,23215.0,0,2,0.2093474046952401
20260112,AD2612,23620.0,6,7,0.0
20260113,AD2601,23125.0,0,750,0.0
20260113,AD2602,23125.0,2294,3165,0.0207567567567554
20260113,AD2603,23165.0,27925,22099,0.0310813727606289
20260113,AD2604,23225.0,499,852,-0.0310010764262647
20260113,AD2605,23165.0,541,646,0.0751133175048552
20260113,AD2606,23310.0,0,12,0.2316602316602312
20260113,AD2607,23760.0,2,4,-0.118686868686868
20260113,AD2608,23525.0,6,25,-0.1963868225292238
20260113,AD2609,23140.0,2,8,0.0363007778738113
20260113,AD2610,23210.0,10,9,0.2274881516587674
20260113,AD2611,23650.0,6,2,0.0101479915433415
20260113,AD2612,23670.0,3,6,0.0
20260114,AD2601,23125.0,36,750,0.0908108108108098
20260114,AD2602,23300.0,1683,2781,0.0412017167381977
20260114,AD2603,23380.0,19803,22010,0.0230966638152256
20260114,AD2604,23425.0,211,892,-0.0076840981856984
20260114,AD2605,23410.0,271,633,0.1076463049978642
20260114,AD2606,23620.0,2,13,0.0635055038103304
20260114,AD2607,23745.0,0,4,0.015161086544535
20260114,AD2608,23775.0,0,25,-0.0201892744479499
20260114,AD2609,23735.0,1,8,-0.0808931957025489
20260114,AD2610,23575.0,0,9,0.0509013785790033
20260114,AD2611,23675.0,0,2,-0.1976768743400212
20260114,AD2612,23285.0,4,7,0.0
20260115,AD2601,23200.0,6,750,-0.0465517241379309
20260115,AD2602,23110.0,1418,2739,0.0233665080051919
20260115,AD2603,23155.0,18793,21628,0.0310947959404019
20260115,AD2604,23215.0,127,895,-0.046521645487831
20260115,AD2605,23125.0,188,700,0.1245405405405408
20260115,AD2606,23365.0,11,11,-0.005135887010486
20260115,AD2607,23355.0,0,4,0.0976236351958883
20260115,AD2608,23545.0,0,25,-0.1019324697387977
20260115,AD2609,23345.0,0,8,0.1182266009852215
20260115,AD2610,23575.0,0,9,-0.0050901378578998
20260115,AD2611,23565.0,1,1,-0.0127307447485676
20260115,AD2612,23540.0,1,6,0.0
20260116,AD2602,22655.0,1155,2638,0.0423747517104402
20260116,AD2603,22735.0,18527,20886,0.0527820541016055
20260116,AD2604,22835.0,204,908,-0.0289029997810383
20260116,AD2605,22780.0,512,834,0.0816505706760324
20260116,AD2606,22935.0,5,11,0.0784826684107269
20260116,AD2607,23085.0,0,4,0.0311890838206627
20260116,AD2608,23145.0,0,25,0.0596241088788067
20260116,AD2609,23260.0,2,9,-0.1134995700773866
20260116,AD2610,23040.0,1,8,0.09375
20260116,AD2611,23220.0,0,1,0.0025839793281665
20260116,AD2612,23225.0,0,6,0.0013352523554383
20260116,AD2701,23455.0,0,0,0.0
20260119,AD2602,22785.0,547,2583,0.055299539170508
20260119,AD2603,22890.0,10416,20205,0.0131061598951518
20260119,AD2604,22915.0,81,913,-0.0052367444905083
20260119,AD2605,22905.0,54,825,-0.0759659462999344
20260119,AD2606,22760.0,5,12,0.1713532513181022
20260119,AD2607,23085.0,0,4,0.0207927225471094
20260119,AD2608,23125.0,0,25,0.0051891891891902
20260119,AD2609,23135.0,0,9,-0.0492759887616163
20260119,AD2610,23040.0,0,8,0.09375
20260119,AD2611,23220.0,0,1,0.0025839793281665
20260119,AD2612,23225.0,0,6,0.0013352523554383
20260119,AD2701,23455.0,0,0,0.0
20260120,AD2602,22670.0,786,2444,0.050286722540803
20260120,AD2603,22765.0,10762,19520,0.0079068745881825
20260120,AD2604,22780.0,89,895,0.0026338893766473
20260120,AD2605,22785.0,125,826,-0.0184331797235026
20260120,AD2606,22750.0,5,12,0.1054945054945051
20260120,AD2607,22950.0,0,4,0.0915032679738567
20260120,AD2608,23125.0,0,25,-0.0544864864864864
20260120,AD2609,23020.0,1,9,0.0104257167680286
20260120,AD2610,23040.0,0,8,0.0078125000000008
20260120,AD2611,23055.0,0,1,0.0520494469746264
20260120,AD2612,23155.0,0,6,-0.0003202647521951
20260120,AD2701,23100.0,0,0,0.0
20260121,AD2602,22820.0,745,2388,0.0394390885188427
20260121,AD2603,22895.0,10760,18772,0.0026206595326483
20260121,AD2604,22900.0,417,1051,-0.0052401746724894
20260121,AD2605,22890.0,202,737,0.1048492791612067
20260121,AD2606,23090.0,14,17,-0.1351234300563009
20260121,AD2607,22830.0,2,6,0.1550591327201047
20260121,AD2608,23125.0,0,25,-0.1323243243243248
20260121,AD2609,22870.0,7,8,0.0891998250983823
20260121,AD2610,23040.0,0,8,0.0078125000000008
20260121,AD2611,23055.0,0,1,0.0520494469746264
20260121,AD2612,23155.0,0,6,-0.0003202647521951
20260121,AD2701,23100.0,0,0,0.0
20260122,AD2602,22755.0,432,2320,0.0527356624917612
20260122,AD2603,22855.0,8386,17914,0.0026252461168221
20260122,AD2604,22860.0,72,1083,-0.0157480314960634
20260122,AD2605,22830.0,47,754,0.042049934296978
20260122,AD2606,22910.0,14,17,0.0916630292448719
20260122,AD2607,23085.0,1,7,0.0207927225471094
20260122,AD2608,23125.0,0,25,-0.1530810810810816
20260122,AD2609,22830.0,0,8,0.1103810775295652
20260122,AD2610,23040.0,0,8,0.0078125000000008
20260122,AD2611,23055.0,0,1,0.0520494469746264
20260122,AD2612,23155.0,0,6,-0.0003202647521951
20260122,AD2701,23100.0,0,0,0.0
20260123,AD2602,22905.0,585,2259,0.0471512770137518
20260123,AD2603,22995.0,9779,16595,0.0156555772994142
20260123,AD2604,23025.0,230,1183,0.0573289902280125
20260123,AD2605,23135.0,98,794,0.0544629349470504
20260123,AD2606,23240.0,7,16,-0.080034423407918
20260123,AD2607,23085.0,0,7,0.0207927225471094
20260123,AD2608,23125.0,0,25,-0.1504864864864865
20260123,AD2609,22835.0,0,8,0.1077293628202333
20260123,AD2610,23040.0,0,8,0.0078125000000008
20260123,AD2611,23055.0,0,1,0.0520494469746264
20260123,AD2612,23155.0,0,6,-0.0003202647521951
20260123,AD2701,23100.0,0,0,0.0
20260126,AD2602,22955.0,1193,2241,0.0287519059028547
20260126,AD2603,23010.0,15112,11389,0.0286831812255536
20260126,AD2604,23065.0,1886,2344,-0.0026013440277474
20260126,AD2605,23060.0,786,1178,0.0624457935819595
20260126,AD2606,23180.0,32,26,-0.0491803278688518
20260126,AD2607,23085.0,0,7,0.0207927225471094
20260126,AD2608,23125.0,0,25,-0.1504864864864865
20260126,AD2609,22835.0,0,8,0.1077293628202333
20260126,AD2610,23040.0,0,8,0.0078125000000008
20260126,AD2611,23055.0,0,1,0.2003903708523093
20260126,AD2612,23440.0,3,6,-0.0018982244890133
20260126,AD2701,23110.0,2,0,0.0
20260127,AD2602,22965.0,595,1986,0.047028086218158
20260127,AD2603,23055.0,10342,9459,-0.0182173064411195
20260127,AD2604,23020.0,3676,4654,0.0312771503040831
20260127,AD2605,23080.0,777,1710,0.0597920277296362
20260127,AD2606,23195.0,106,52,-0.0517352877775376
20260127,AD2607,23095.0,1,6,0.0103918597098928
20260127,AD2608,23115.0,1,25,-0.1168072680077867
20260127,AD2609,22890.0,0,8,0.1861074705111391
20260127,AD2610,23245.0,2,8,-0.0980856098085607
20260127,AD2611,23055.0,0,1,0.2758620689655169
20260127,AD2612,23585.0,0,6,-0.0012005345237045
20260127,AD2701,23375.0,0,0,0.0
20260128,AD2602,23655.0,645,1812,0.0659480025364604
20260128,AD2603,23785.0,23390,8845,0.0252259827622456
20260128,AD2604,23835.0,8527,8729,0.0528634361233484
20260128,AD2605,23940.0,1513,2575,0.0275689223057655
20260128,AD2606,23995.0,44,48,-0.3725776203375703
20260128,AD2607,23250.0,1,6,0.095483870967743
20260128,AD2608,23435.0,2,25,-0.1177725624066563
20260128,AD2609,23205.0,0,8,0.2714932126696823
20260128,AD2610,23730.0,0,8,-0.1820480404551205
20260128,AD2611,23370.0,0,1,0.1540436456996161
20260128,AD2612,23670.0,2,6,-0.0001708890502841
20260128,AD2701,23640.0,0,0,0.0
20260129,AD2602,23750.0,421,1672,0.0505263157894733
20260129,AD2603,23850.0,24936,7725,0.0427672955974838
20260129,AD2604,23935.0,5375,10878,0.0150407353248382
20260129,AD2605,23965.0,1641,3319,0.0926350928437313
20260129,AD2606,24150.0,124,98,-0.1739130434782603
20260129,AD2607,23800.0,0,6,0.1210084033613441
20260129,AD2608,24040.0,23,35,0.1073211314475885
20260129,AD2609,24255.0,18,14,-0.1805813234384667
20260129,AD2610,23890.0,0,8,0.1506906655504387
20260129,AD2611,24190.0,1,1,0.0595287308805287
20260129,AD2612,24310.0,14,9,0.0018302913213686
20260129,AD2701,24640.0,1,1,0.0
20260130,AD2602,22740.0,424,1500,0.0422163588390507
20260130,AD2603,22820.0,36464,6686,0.0341805433829973
20260130,AD2604,22885.0,6301,11670,0.0131090233777575
20260130,AD2605,22910.0,2062,3909,0.0654735923177645
20260130,AD2606,23035.0,173,94,0.1771217712177124
20260130,AD2607,23375.0,3,6,-0.0949732620320857
20260130,AD2608,23190.0,15,27,0.2897800776196639
20260130,AD2609,23750.0,8,13,0.1313684210526311
20260130,AD2610,24010.0,2,8,0.1499375260308202
20260130,AD2611,24310.0,0,1,-0.547922665569724
20260130,AD2612,23200.0,10,10,0.0012204571871367
20260130,AD2701,23410.0,16,1,0.0
20260202,AD2602,21985.0,60,1446,-0.0791448715032983
20260202,AD2603,21840.0,17265,5394,0.0439560439560438
20260202,AD2604,21920.0,6367,12138,0.0602189781021884
20260202,AD2605,22030.0,1166,4115,0.16886064457558
20260202,AD2606,22340.0,116,99,0.4458370635631148
20260202,AD2607,23170.0,0,6,-0.5930082002589558
20260202,AD2608,22025.0,17,30,0.1661748013620894
20260202,AD2609,22330.0,5,11,0.2552619793999096
20260202,AD2610,22805.0,0,8,-0.1052400789300591
20260202,AD2611,22605.0,0,1,-0.28400796284008
20260202,AD2612,22070.0,19,6,0.0044292165377781
20260202,AD2701,22795.0,0,1,0.0
20260203,AD2602,22320.0,0,1446,-0.0564516129032264
20260203,AD2603,22215.0,15339,4823,0.0324105334233619
20260203,AD2604,22275.0,6858,12792,0.0511784511784512
20260203,AD2605,22370.0,1535,4618,0.0697362539114898
20260203,AD2606,22500.0,248,185,0.0906666666666664
20260203,AD2607,22670.0,0,6,-0.2064402293780327
20260203,AD2608,22280.0,9,34,0.1184919210053863
20260203,AD2609,22500.0,7,11,0.1626666666666665
20260203,AD2610,22805.0,0,8,-0.2946722210041659
20260203,AD2611,22245.0,1,2,0.0997977073499658
20260203,AD2612,22430.0,1,6,0.0021940919815455
20260203,AD2701,22795.0,0,1,0.0
20260204,AD2602,22350.0,45,1452,0.1315436241610736
20260204,AD2603,22595.0,8206,4530,-0.0637309139190089
20260204,AD2604,22475.0,3335,12896,0.0827586206896553
20260204,AD2605,22630.0,652,4857,-0.0265134776844901
20260204,AD2606,22580.0,68,194,0.0159433126660752
20260204,AD2607,22610.0,5,5,-0.0743034055727549
20260204,AD2608,22470.0,14,37,0.0053404539385857
20260204,AD2609,22480.0,4,12,0.1734875444839856
20260204,AD2610,22805.0,0,8,-0.1815391361543525
20260204,AD2611,22460.0,0,2,-0.0160284951024038
20260204,AD2612,22430.0,0,6,0.0047789126721335
20260204,AD2701,23225.0,6,7,0.0
20260205,AD2602,21800.0,3,1398,0.0633027522935787
20260205,AD2603,21915.0,6836,4361,0.0574948665297734
20260205,AD2604,22020.0,5035,13207,0.0381471389645788
20260205,AD2605,22090.0,1664,5347,0.038026256224537
20260205,AD2606,22160.0,193,168,0.0406137184115529
20260205,AD2607,22235.0,3,3,0.0782550033730595
20260205,AD2608,22380.0,4,35,0.0509383378016083
20260205,AD2609,22475.0,4,9,0.0774193548387085
20260205,AD2610,22620.0,0,8,-0.1564986737400535
20260205,AD2611,22325.0,2,1,0.1746920492721173
20260205,AD2612,22650.0,2,5,0.0001190564774164
20260205,AD2701,22670.0,3,7,0.0
20260206,AD2602,22000.0,6,1398,-0.0272727272727277
20260206,AD2603,21950.0,5856,4005,0.051936218678815
20260206,AD2604,22045.0,5931,13219,0.0272170560217732
20260206,AD2605,22095.0,791,5553,0.0787508486082826
20260206,AD2606,22240.0,127,211,-0.045863309352518
20260206,AD2607,22155.0,1,3,-0.0297901150981716
20260206,AD2608,22100.0,26,57,0.0190045248868777
20260206,AD2609,22135.0,1,9,0.1599277162864236
20260206,AD2610,22430.0,3,9,0.0106999554168529
20260206,AD2611,22450.0,2,1,-0.128285077951002
20260206,AD2612,22210.0,1,4,0.0028229009101073
20260206,AD2701,22675.0,0,7,0.0
20260209,AD2602,22140.0,36,1398,-0.0135501355013549
20260209,AD2603,22115.0,3160,3525,0.027130906624464
20260209,AD2604,22165.0,7243,13808,0.0135348522445308
20260209,AD2605,22190.0,707,5787,-0.0135196034249664
20260209,AD2606,22165.0,29,220,0.0189487931423411
20260209,AD2607,22200.0,1,3,-0.02972972972973
20260209,AD2608,22145.0,10,61,0.0650259652291715
20260209,AD2609,22265.0,1,9,0.0269481248596443
20260209,AD2610,22315.0,1,9,0.0026887743670185
20260209,AD2611,22320.0,0,1,0.134408602150537
20260209,AD2612,22570.0,1,4,-0.0001493480955628
20260209,AD2701,22545.0,1,7,0.0
20260210,AD2602,22085.0,0,1398,-0.0244509848313341
20260210,AD2603,22040.0,2121,3141,0.0435571687840292
20260210,AD2604,22120.0,5966,14127,0.0298372513562377
20260210,AD2605,22175.0,553,5990,0.0108229988726051
20260210,AD2606,22195.0,18,230,0.0027033115566572
20260210,AD2607,22200.0,0,3,-0.016216216216216
20260210,AD2608,22170.0,2,62,0.0595399188092029
20260210,AD2609,22280.0,3,7,0.0161579892280077
20260210,AD2610,22310.0,4,11,0.0053787539220078
20260210,AD2611,22320.0,0,1,0.134408602150537
20260210,AD2612,22570.0,0,4,-0.0001493480955628
20260210,AD2701,22545.0,0,7,0.0
20260211,AD2602,22085.0,219,1179,0.0326013131084437
20260211,AD2603,22145.0,1226,3045,0.0325129826145857
20260211,AD2604,22205.0,5554,14349,0.0405314118441779
20260211,AD2605,22280.0,584,6210,0.0700179533213631
20260211,AD2606,22410.0,32,226,-0.1124497991967872
20260211,AD2607,22200.0,0,3,-0.0594594594594588
20260211,AD2608,22090.0,2,62,0.0543232231779073
20260211,AD2609,22190.0,2,7,0.0270392068499329
20260211,AD2610,22240.0,1,10,0.043165467625899
20260211,AD2611,22320.0,0,1,0.134408602150537
20260211,AD2612,22570.0,0,4,-0.0001493480955628
20260211,AD2701,22545.0,0,7,0.0
20260212,AD2602,21225.0,123,1068,0.5286219081272074
20260212,AD2603,22160.0,1195,2785,0.0541516245487372
20260212,AD2604,22260.0,9009,12761,0.0539083557951478
20260212,AD2605,22360.0,821,6452,-0.0026833631484799
20260212,AD2606,22355.0,67,243,-0.0134198165958401
20260212,AD2607,22330.0,1,2,-0.1021047917599635
20260212,AD2608,22140.0,0,62,0.0271002710027099
20260212,AD2609,22190.0,0,7,0.032447048219919
20260212,AD2610,22250.0,0,10,0.037752808988765
20260212,AD2611,22320.0,0,1,0.096774193548387
20260212,AD2612,22500.0,2,3,0.0001797752808988
20260212,AD2701,22530.0,2,6,0.0
20260213,AD2602,21600.0,6,1068,0.2111111111111112
20260213,AD2603,21980.0,1983,2460,0.0327570518653317
20260213,AD2604,22040.0,9400,11955,0.0299455535390196
20260213,AD2605,22095.0,786,6586,-0.0325865580448061
20260213,AD2606,22035.0,80,268,0.07351940095303
20260213,AD2607,22170.0,3,3,-0.0947225981055477
20260213,AD2608,21995.0,11,62,0.0927483518981597
20260213,AD2609,22165.0,8,6,0.0189487931423411
20260213,AD2610,22200.0,7,8,0.1945945945945952
20260213,AD2611,22560.0,1,1,-0.0265957446808506
20260213,AD2612,22510.0,0,3,0.0008086293732124
20260213,AD2701,22645.0,0,6,0.0
20260224,AD2602,22300.0,3,1068,-0.0430493273542604
20260224,AD2603,22220.0,1248,2162,0.0540054005400545
20260224,AD2604,22320.0,5471,11540,0.018817204301075
20260224,AD2605,22355.0,305,6664,0.0483113397450223
20260224,AD2606,22445.0,33,271,-0.096235241701938
20260224,AD2607,22265.0,0,3,0.0458118122613973
20260224,AD2608,22350.0,20,82,-0.0590604026845635
20260224,AD2609,22240.0,0,6,0.0188848920863318
20260224,AD2610,22275.0,0,8,0.1535353535353536
20260224,AD2611,22560.0,0,1,-0.0265957446808506
20260224,AD2612,22510.0,0,3,0.0008086293732124
20260224,AD2701,22645.0,0,6,0.0
20260225,AD2603,22610.0,1092,1894,0.0212295444493593
20260225,AD2604,22650.0,6865,11479,0.0476821192052971
20260225,AD2605,22740.0,1219,7419,0.0131926121372023
20260225,AD2606,22765.0,25,275,-0.1713156160773117
20260225,AD2607,22440.0,3,2,0.0588235294117645
20260225,AD2608,22550.0,5,82,-0.06119733924612
20260225,AD2609,22435.0,3,6,0.0641854245598407
20260225,AD2610,22555.0,0,8,0.1090667257814228
20260225,AD2611,22760.0,3,0,0.0079086115992961
20260225,AD2612,22775.0,0,3,0.0009768250718434
20260225,AD2701,22940.0,0,6,-0.1543156059285091
20260225,AD2702,22645.0,0,0,0.0
20260226,AD2603,22595.0,929,1483,0.0610754591723825
20260226,AD2604,22710.0,10719,9330,0.0554821664465006
20260226,AD2605,22815.0,3308,9425,0.0
20260226,AD2606,22815.0,74,295,-0.0157790927021692
20260226,AD2607,22785.0,154,50,0.042132982225147
20260226,AD2608,22865.0,1,81,-0.0314891755958894
20260226,AD2609,22805.0,2,6,-0.0947160710370527
20260226,AD2610,22625.0,0,8,0.0556906077348076
20260226,AD2611,22730.0,0,0,0.1319841619005721
20260226,AD2612,22980.0,5,3,-0.0002346935781969
20260226,AD2701,22940.0,0,6,-0.1150828247602442
20260226,AD2702,22720.0,0,0,0.0
20260227,AD2603,22635.0,550,1233,0.0503644797879401
20260227,AD2604,22730.0,9812,7920,0.023757149142102
20260227,AD2605,22775.0,3576,11194,0.0289791437980246
20260227,AD2606,22830.0,65,315,-0.007884362680683
20260227,AD2607,22815.0,34,70,-0.0578566732412881
20260227,AD2608,22705.0,13,84,0.0581369742347508
20260227,AD2609,22815.0,18,13,0.0289283366206447
20260227,AD2610,22870.0,6,5,-0.0734586794927847
20260227,AD2611,22730.0,0,0,0.1055873295204588
20260227,AD2612,22930.0,0,3,5.8801334790307546e-05
20260227,AD2701,22940.0,0,6,-0.1150828247602442
20260227,AD2702,22720.0,0,0,0.0
20260302,AD2603,22885.0,144,1206,0.1546864758575497
20260302,AD2604,23180.0,14947,6875,0.0232959447799823
20260302,AD2605,23225.0,6131,12484,0.0051668460710452
20260302,AD2606,23235.0,140,373,-0.0542285345384114
20260302,AD2607,23130.0,17,81,0.0415045395590141
20260302,AD2608,23210.0,27,102,0.023265833692375
20260302,AD2609,23255.0,6,13,-0.1599655987959582
20260302,AD2610,22945.0,2,5,0.1255175419481355
20260302,AD2611,23185.0,0,0,0.0802242829415567
20260302,AD2612,23340.0,0,3,-0.0018485890066722
20260302,AD2701,23020.0,0,6,-0.0495221546481325
20260302,AD2702,22925.0,0,0,0.0
20260303,AD2603,22680.0,99,1182,0.0370370370370372
20260303,AD2604,22750.0,12835,6569,0.0237362637362625
20260303,AD2605,22795.0,6194,12745,0.0737003728887923
20260303,AD2606,22935.0,157,405,-0.0026160889470236
20260303,AD2607,22930.0,3,84,0.1229829917139122
20260303,AD2608,23165.0,5,101,0.0103604575868763
20260303,AD2609,23185.0,10,17,-0.1242182445546693
20260303,AD2610,22945.0,0,5,0.1255175419481355
20260303,AD2611,23185.0,0,0,-0.0025878800948895
20260303,AD2612,23180.0,1,2,-0.0009306744481391
20260303,AD2701,23020.0,0,6,-0.0495221546481325
20260303,AD2702,22925.0,0,0,0.0
20260304,AD2603,23380.0,87,1152,0.0102651839178795
20260304,AD2604,23400.0,12128,6388,0.0230769230769229
20260304,AD2605,23445.0,5154,13405,-0.0332693538067818
20260304,AD2606,23380.0,258,518,0.0949529512403772
20260304,AD2607,23565.0,40,104,-0.0483768300445577
20260304,AD2608,23470.0,2,102,0.0997017469109495
20260304,AD2609,23665.0,4,16,-0.121698711176843
20260304,AD2610,23425.0,0,5,-0.035859124866596
20260304,AD2611,23355.0,1,1,0.0796403339755933
20260304,AD2612,23510.0,0,2,-0.0013477410998905
20260304,AD2701,23275.0,3,6,-0.0154672395273895
20260304,AD2702,23245.0,0,0,0.0
20260305,AD2603,23600.0,141,1131,-0.0915254237288141
20260305,AD2604,23420.0,10735,6402,0.0204953031596923
20260305,AD2605,23460.0,6036,13445,0.0485933503836317
20260305,AD2606,23555.0,260,562,0.196136701337295
20260305,AD2607,23940.0,51,133,0.0676691729323319
20260305,AD2608,24075.0,32,103,-0.0872274143302176
20260305,AD2609,23900.0,8,16,-0.2384937238493725
20260305,AD2610,23425.0,0,5,0.3124866595517614
20260305,AD2611,24035.0,2,1,0.054919908466819
20260305,AD2612,24145.0,2,2,-0.0007259511239445
20260305,AD2701,24015.0,1,7,-0.3347907557776395
20260305,AD2702,23345.0,0,0,0.0
20260306,AD2603,23310.0,18,1128,-0.0154440154440158
20260306,AD2604,23280.0,10106,6027,0.0335051546391751
20260306,AD2605,23345.0,3919,13351,-0.0154208609980726
20260306,AD2606,23315.0,252,591,0.1029380227321468
20260306,AD2607,23515.0,28,128,-0.0816500106315123
20260306,AD2608,23355.0,5,104,0.1284521515735388
20260306,AD2609,23605.0,3,16,-0.0915060368565985
20260306,AD2610,23425.0,0,5,0.2510138740661682
20260306,AD2611,23915.0,0,1,0.0451599414593344
20260306,AD2612,24005.0,0,2,-0.0010952774351785
20260306,AD2701,23810.0,0,7,-0.2343553128937427
20260306,AD2702,23345.0,0,0,0.0
20260309,AD2603,23585.0,192,1110,0.0432478270086926
20260309,AD2604,23670.0,17439,5853,-0.0202788339670467
20260309,AD2605,23630.0,7136,13294,0.0457046127803639
20260309,AD2606,23720.0,190,635,0.2048903878583461
20260309,AD2607,24125.0,33,137,-0.3357512953367871
20260309,AD2608,23450.0,0,104,0.0793176972281441
20260309,AD2609,23605.0,0,16,0.3228129633552203
20260309,AD2610,24240.0,0,5,-0.1608910891089112
20260309,AD2611,23915.0,0,1,0.0451599414593344
20260309,AD2612,24005.0,0,2,0.0025556473487499
20260309,AD2701,24460.0,2,6,-0.5470155355682742
20260309,AD2702,23345.0,0,0,0.0
20260310,AD2603,23675.0,102,1020,0.0025343189017954
20260310,AD2604,23680.0,9412,5774,0.0354729729729736
20260310,AD2605,23750.0,3967,13400,0.0075789473684197
20260310,AD2606,23765.0,61,628,0.0201977698295801
20260310,AD2607,23805.0,5,136,-0.0277252678008825
20260310,AD2608,23750.0,4,105,-0.0732631578947367
20260310,AD2609,23605.0,0,16,0.1957212454988353
20260310,AD2610,23990.0,2,5,-0.037515631513131
20260310,AD2611,23915.0,0,1,0.0451599414593344
20260310,AD2612,24005.0,0,2,0.0010391093615796
20260310,AD2701,24190.0,0,6,-0.3546920214964864
20260310,AD2702,23475.0,0,0,0.0
20260311,AD2603,23900.0,12,1008,-0.0075313807531385
20260311,AD2604,23885.0,8158,5900,0.0477287000209338
20260311,AD2605,23980.0,4210,13519,-0.0475396163469556
20260311,AD2606,23885.0,157,694,0.0251203684320708
20260311,AD2607,23935.0,35,146,0.1153123041570918
20260311,AD2608,24165.0,6,105,-0.0794537554314094
20260311,AD2609,24005.0,6,12,0.1474692772339105
20260311,AD2610,24300.0,2,3,-0.1901234567901233
20260311,AD2611,23915.0,0,1,0.067739912189003
20260311,AD2612,24050.0,0,2,0.0009530706159919
20260311,AD2701,24220.0,0,6,-0.3047068538398014
20260311,AD2702,23605.0,0,0,0.0
20260312,AD2603,24000.0,63,966,-0.0049999999999994
20260312,AD2604,23990.0,6862,5874,0.0100041684035012
20260312,AD2605,24010.0,4888,13822,0.0049979175343608
20260312,AD2606,24020.0,113,720,0.0274771024146538
20260312,AD2607,24075.0,19,142,0.0149532710280384
20260312,AD2608,24105.0,3,106,-0.0995644057249536
20260312,AD2609,23905.0,5,11,0.1581259150805261
20260312,AD2610,24220.0,3,3,-0.0594549958711811
20260312,AD2611,24100.0,0,1,-0.0248962655601658
20260312,AD2612,24050.0,0,2,0.0037562194865565
20260312,AD2701,24720.0,5,6,-0.4805825242718451
20260312,AD2702,23730.0,0,0,0.0
20260313,AD2603,23690.0,42,966,-0.0177289995778804
20260313,AD2604,23655.0,5842,5679,0.0355104629042477
20260313,AD2605,23725.0,4324,14186,0.0303477344573241
20260313,AD2606,23785.0,40,713,0.1034265293252039
20260313,AD2607,23990.0,4,143,-0.0800333472280114
20260313,AD2608,23830.0,1,105,0.0402853545950474
20260313,AD2609,23910.0,5,11,0.0401505646173161
20260313,AD2610,23990.0,1,2,0.0725302209253868
20260313,AD2611,24135.0,1,1,0.0149160969546295
20260313,AD2612,24165.0,1,2,0.000781146471938
20260313,AD2701,24305.0,2,6,-0.1184941370088457
20260313,AD2702,24065.0,1,1,0.0
20260316,AD2603,23730.0,12,969,0.0505689001264233
20260316,AD2604,23830.0,6524,5383,0.0075535039865703
20260316,AD2605,23845.0,4957,14273,0.047808764940239
20260316,AD2606,23940.0,84,710,-0.0050125313283211
20260316,AD2607,23930.0,8,146,-0.0852486418721274
20260316,AD2608,23760.0,2,105,-0.0176767676767681
20260316,AD2609,23725.0,6,11,0.1112750263435202
20260316,AD2610,23945.0,0,2,-0.0100229693046558
20260316,AD2611,23925.0,2,0,0.1203761755485883
20260316,AD2612,24165.0,0,2,0.0004742675008195
20260316,AD2701,24250.0,1,6,-0.0915463917525767
20260316,AD2702,24065.0,0,1,0.0
20260317,AD2604,23725.0,6246,5298,0.0126448893572179
20260317,AD2605,23750.0,3885,14275,0.0429473684210535
20260317,AD2606,23835.0,57,722,-0.0151038388923856
20260317,AD2607,23805.0,0,146,-0.0050409577819787
20260317,AD2608,23795.0,4,104,-0.0252153813826434
20260317,AD2609,23745.0,0,11,0.053063802905874
20260317,AD2610,23850.0,0,2,0.0100628930817601
20260317,AD2611,23870.0,0,0,0.1483033095936328
20260317,AD2612,24165.0,0,2,0.0004742675008195
20260317,AD2701,24250.0,0,6,-0.0915463917525767
20260317,AD2702,24065.0,0,1,0.0
20260317,AD2703,24065.0,0,0,0.0
20260318,AD2604,23595.0,6605,5267,-0.0127145581691041
20260318,AD2605,23570.0,4232,14360,0.0305473058973273
20260318,AD2606,23630.0,101,746,-0.0126957257723234
20260318,AD2607,23605.0,187,161,-0.0279601779284046
20260318,AD2608,23550.0,13,112,0.099363057324842
20260318,AD2609,23745.0,0,11,-0.0126342387871134
20260318,AD2610,23720.0,0,2,0.0758853288364242
20260318,AD2611,23870.0,0,0,0.1483033095936328
20260318,AD2612,24165.0,0,2,0.0004742675008195
20260318,AD2701,24250.0,0,6,-0.0915463917525767
20260318,AD2702,24065.0,0,1,-0.2518179929357989
20260318,AD2703,23560.0,1,1,0.0
20260319,AD2604,23000.0,9380,5075,0.0130434782608688
20260319,AD2605,23025.0,6238,14379,0.0234527687296406
20260319,AD2606,23070.0,342,786,-0.015604681404421
20260319,AD2607,23040.0,51,161,-0.0208333333333339
20260319,AD2608,23000.0,13,123,-0.0704347826086961
20260319,AD2609,22865.0,8,13,0.1679422698447412
20260319,AD2610,23185.0,0,2,0.2277334483502251
20260319,AD2611,23625.0,0,0,-0.0914285714285716
20260319,AD2612,23445.0,0,2,0.0028467294959994
20260319,AD2701,23940.0,0,6,-0.3358395989974934
20260319,AD2702,23270.0,1,0,0.2449505801461118
20260319,AD2703,23745.0,1,1,0.0
20260320,AD2604,22810.0,8397,4781,0.0105217010083284
20260320,AD2605,22830.0,6564,13831,0.036793692509855
20260320,AD2606,22900.0,419,792,0.0235807860262013
20260320,AD2607,22945.0,118,201,0.0026149487905851
20260320,AD2608,22950.0,8,125,-0.2797385620915031
20260320,AD2609,22415.0,3,13,0.1258086103055999
20260320,AD2610,22650.0,1,2,0.3258278145695357
20260320,AD2611,23265.0,0,0,0.0928433268858794
20260320,AD2612,23445.0,0,2,0.0014089873263027
20260320,AD2701,23690.0,0,6,-0.2127479949345718
20260320,AD2702,23270.0,0,0,0.2449505801461118
20260320,AD2703,23745.0,0,1,0.0
20260323,AD2604,22525.0,7674,4574,-0.0026637069922306
20260323,AD2605,22520.0,5741,13847,0.0239786856127874
20260323,AD2606,22565.0,187,836,0.0717925991579875
20260323,AD2607,22700.0,48,227,-0.092511013215859
20260323,AD2608,22525.0,46,166,0.090566037735849
20260323,AD2609,22695.0,6,14,-0.0237937871777926
20260323,AD2610,22650.0,0,2,0.256953642384107
20260323,AD2611,23135.0,0,0,0.0570564080397675
20260323,AD2612,23245.0,0,2,0.0007250562522809
20260323,AD2701,23370.0,0,6,-0.051347881899872
20260323,AD2702,23270.0,0,0,-0.3532445208422858
20260323,AD2703,22585.0,5,3,0.0
20260324,AD2604,22585.0,5228,4053,0.0318795660836848
20260324,AD2605,22645.0,3682,13531,0.0291455067343795
20260324,AD2606,22700.0,175,856,0.0607929515418508
20260324,AD2607,22815.0,15,232,-0.0604865220249832
20260324,AD2608,22700.0,21,167,0.0
20260324,AD2609,22700.0,0,14,-0.0264317180616742
20260324,AD2610,22650.0,0,2,0.2384105960264912
20260324,AD2611,23100.0,0,0,0.0337662337662338
20260324,AD2612,23165.0,1,2,0.0011931987670279
20260324,AD2701,23370.0,0,6,-0.051347881899872
20260324,AD2702,23270.0,0,0,-0.2294800171895143
20260324,AD2703,22825.0,1,3,0.0
20260325,AD2604,22930.0,4542,3563,-0.0235499345835155
20260325,AD2605,22885.0,3392,13191,0.0314616561066207
20260325,AD2606,22945.0,212,901,0.0
20260325,AD2607,22945.0,17,229,-0.0078448463717579
20260325,AD2608,22930.0,9,168,-0.0444832097688623
20260325,AD2609,22845.0,8,16,-0.1024294156270522
20260325,AD2610,22650.0,0,2,0.2384105960264912
20260325,AD2611,23100.0,0,0,0.0337662337662338
20260325,AD2612,23165.0,0,2,0.0011931987670279
20260325,AD2701,23370.0,0,6,-0.051347881899872
20260325,AD2702,23270.0,0,0,-0.2294800171895143
20260325,AD2703,22825.0,0,3,0.0
20260326,AD2604,22820.0,3600,1833,-0.0315512708150746
20260326,AD2605,22760.0,4536,12232,0.0210896309314598
20260326,AD2606,22800.0,1509,2028,0.0315789473684198
20260326,AD2607,22860.0,32,225,-0.0236220472440944
20260326,AD2608,22815.0,41,174,0.0604865220249832
20260326,AD2609,22930.0,1,16,-0.1465329262974264
20260326,AD2610,22650.0,0,2,0.2384105960264912
20260326,AD2611,23100.0,0,0,0.0337662337662338
20260326,AD2612,23165.0,0,2,0.0011931987670279
20260326,AD2701,23370.0,0,6,-0.051347881899872
20260326,AD2702,23270.0,0,0,-0.2294800171895143
20260326,AD2703,22825.0,0,3,0.0
20260327,AD2604,22945.0,1031,1309,0.0078448463717579
20260327,AD2605,22960.0,6308,10651,0.0209059233449488
20260327,AD2606,23000.0,3282,4368,-0.031304347826087
20260327,AD2607,22940.0,4,227,0.0156931124673054
20260327,AD2608,22970.0,14,185,-0.0208968219416632
20260327,AD2609,22930.0,0,16,-0.091583078935892
20260327,AD2610,22755.0,0,2,0.1819380355965716
20260327,AD2611,23100.0,0,0,0.0337662337662338
20260327,AD2612,23165.0,0,2,0.0011931987670279
20260327,AD2701,23370.0,0,6,-0.051347881899872
20260327,AD2702,23270.0,0,0,-0.2294800171895143
20260327,AD2703,22825.0,0,3,0.0
20260330,AD2604,23615.0,862,836,0.0076222739784048
20260330,AD2605,23630.0,10401,8987,0.0152348709267871
20260330,AD2606,23660.0,4820,7271,0.0
20260330,AD2607,23660.0,9,229,-0.0710059171597636
20260330,AD2608,23520.0,15,195,0.058673469387755
20260330,AD2609,23635.0,1,16,-0.099005711867993
20260330,AD2610,23440.0,0,2,0.1075085324232087
20260330,AD2611,23650.0,0,0,0.0101479915433415
20260330,AD2612,23670.0,0,2,0.0031329659218752
20260330,AD2701,24220.0,3,7,-0.2625928984310488
20260330,AD2702,23690.0,0,0,-0.0506542845082309
20260330,AD2703,23590.0,2,3,0.0
20260331,AD2604,23800.0,408,609,-0.052941176470588
20260331,AD2605,23695.0,7501,6958,-0.0075965393542944
20260331,AD2606,23680.0,3466,8412,0.0050675675675684
20260331,AD2607,23690.0,42,232,-0.065850569860701
20260331,AD2608,23560.0,78,198,0.0101867572156191
20260331,AD2609,23580.0,21,16,-0.0712468193384223
20260331,AD2610,23440.0,0,2,0.11518771331058
20260331,AD2611,23665.0,0,0,0.0025353898161846
20260331,AD2612,23670.0,0,2,0.0024209282123581
20260331,AD2701,24095.0,0,7,-0.2017015978418759
20260331,AD2702,23690.0,0,0,-0.0759814267623464
20260331,AD2703,23540.0,0,3,0.0
20260401,AD2604,23625.0,30,600,-0.0558730158730162
20260401,AD2605,23515.0,5533,6608,0.0025515628322336
20260401,AD2606,23520.0,6584,10113,0.0637755102040804
20260401,AD2607,23645.0,42,253,-0.0431380841615562
20260401,AD2608,23560.0,59,224,-0.0050933786078095
20260401,AD2609,23550.0,3,17,0.1477707006369426
20260401,AD2610,23840.0,1,3,-0.0880872483221479
20260401,AD2611,23665.0,0,0,0.0025353898161846
20260401,AD2612,23670.0,0,2,0.002791187821307
20260401,AD2701,24160.0,3,7,-0.2334437086092715
20260401,AD2702,23690.0,0,0,-0.0759814267623464
20260401,AD2703,23540.0,0,3,0.0
20260402,AD2604,23620.0,30,597,-0.033022861981371
20260402,AD2605,23555.0,4584,6230,0.045850137974952
20260402,AD2606,23645.0,8426,11777,-0.0152252061746671
20260402,AD2607,23615.0,24,256,0.0254075799280117
20260402,AD2608,23665.0,27,233,-0.0963448130150008
20260402,AD2609,23475.0,8,16,0.1865814696485621
20260402,AD2610,23840.0,2,2,-0.0880872483221479
20260402,AD2611,23665.0,0,0,0.0025353898161846
20260402,AD2612,23670.0,0,2,0.0031044844134945
20260402,AD2701,24215.0,0,7,-0.260169316539335
20260402,AD2702,23690.0,0,0,-0.0759814267623464
20260402,AD2703,23540.0,0,3,0.0
20260403,AD2604,23555.0,24,585,-0.022925068987476
20260403,AD2605,23510.0,2670,5716,0.0357294768183749
20260403,AD2606,23580.0,5395,12165,-0.0636132315521629
20260403,AD2607,23455.0,59,264,0.0639522489874222
20260403,AD2608,23580.0,58,240,-0.0381679389312972
20260403,AD2609,23505.0,1,16,0.1327377153797053
20260403,AD2610,23765.0,0,2,-0.0504944245739529
20260403,AD2611,23665.0,0,0,0.0253538981618435
20260403,AD2612,23715.0,0,2,0.002842746377275
20260403,AD2701,24215.0,0,7,-0.260169316539335
20260403,AD2702,23690.0,0,0,0.0683832840861127
20260403,AD2703,23825.0,3,3,0.0
20260407,AD2604,23450.0,54,588,0.0639658848614068
20260407,AD2605,23575.0,2660,5528,0.0381760339342518
20260407,AD2606,23650.0,3987,12796,-0.0304439746300206
20260407,AD2607,23590.0,7,262,-0.0203476049173372
20260407,AD2608,23550.0,55,285,0.0535031847133771
20260407,AD2609,23655.0,1,16,0.0558021559923904
20260407,AD2610,23765.0,0,2,-0.0504944245739529
20260407,AD2611,23665.0,0,0,0.0380308472427639
20260407,AD2612,23740.0,0,2,0.0021582120916672
20260407,AD2701,24120.0,3,8,-0.2139303482587058
20260407,AD2702,23690.0,0,0,0.073448712536936
20260407,AD2703,23835.0,1,3,0.0
20260408,AD2604,23550.0,123,588,0.040764331210191
20260408,AD2605,23630.0,2444,5417,0.0304697418535768
20260408,AD2606,23690.0,5220,13826,0.0202617138032934
20260408,AD2607,23730.0,37,289,-0.035398230088496
20260408,AD2608,23660.0,117,306,-0.0760777683854603
20260408,AD2609,23510.0,1,15,0.1301573798383657
20260408,AD2610,23765.0,0,2,-0.0504944245739529
20260408,AD2611,23665.0,0,0,0.0380308472427639
20260408,AD2612,23740.0,0,2,0.0016754541237942
20260408,AD2701,24035.0,0,8,-0.1472852090701062
20260408,AD2702,23740.0,0,0,0.0480202190395946
20260408,AD2703,23835.0,0,3,0.0
20260409,AD2604,23200.0,105,534,0.1086206896551731
20260409,AD2605,23410.0,3058,5231,0.0384451089278075
20260409,AD2606,23485.0,7106,14478,-0.012774111134767
20260409,AD2607,23460.0,12,296,0.0485933503836317
20260409,AD2608,23555.0,23,318,-0.022925068987476
20260409,AD2609,23510.0,0,15,0.0561463207145891
20260409,AD2610,23620.0,0,2,0.0228619813717179
20260409,AD2611,23665.0,0,0,0.0380308472427639
20260409,AD2612,23740.0,0,2,-0.002215007146711
20260409,AD2701,23350.0,2,8,0.2004282655246241
20260409,AD2702,23740.0,0,0,0.0278011794439754
20260409,AD2703,23795.0,0,3,0.0
20260410,AD2604,23375.0,6,534,0.0590374331550798
20260410,AD2605,23490.0,2180,5140,0.007662835249043
20260410,AD2606,23505.0,4707,14850,0.0280791320995525
20260410,AD2607,23560.0,277,421,-0.0382003395585743
20260410,AD2608,23485.0,48,318,-0.0996380668511816
20260410,AD2609,23290.0,3,15,0.1133533705452993
20260410,AD2610,23510.0,1,2,0.0791152700978301
20260410,AD2611,23665.0,0,0,0.0380308472427639
20260410,AD2612,23740.0,0,2,-0.0012494912109652
20260410,AD2701,23520.0,6,7,0.1122448979591848
20260410,AD2702,23740.0,0,0,0.0278011794439754
20260410,AD2703,23795.0,0,3,0.0
20260413,AD2604,23370.0,0,534,0.1078305519897302
20260413,AD2605,23580.0,2727,5079,0.0559796437659034
20260413,AD2606,23690.0,6340,15204,0.0177289995778817
20260413,AD2607,23725.0,170,468,-0.0303477344573228
20260413,AD2608,23665.0,75,328,-0.106486372279738
20260413,AD2609,23455.0,5,16,0.0511617991899377
20260413,AD2610,23555.0,0,2,0.0560390575249414
20260413,AD2611,23665.0,0,0,0.0456370166913151
20260413,AD2612,23755.0,0,2,0.0012203226287073
20260413,AD2701,23970.0,4,6,-0.1151439299123904
20260413,AD2702,23740.0,0,0,0.0278011794439754
20260413,AD2703,23795.0,0,3,0.0
20260414,AD2604,23370.0,0,534,0.1822849807445452
20260414,AD2605,23725.0,3009,5071,0.0379346680716539
20260414,AD2606,23800.0,7181,15663,0.0050420168067226
20260414,AD2607,23810.0,190,493,-0.0100797984040315
20260414,AD2608,23790.0,53,332,-0.0327868852459016
20260414,AD2609,23725.0,13,16,-0.085985247629083
20260414,AD2610,23555.0,0,2,0.0815113563999148
20260414,AD2611,23715.0,0,0,0.0733712839974707
20260414,AD2612,23860.0,0,2,0.0009889147367132
20260414,AD2701,24035.0,3,7,-0.1397961306428126
20260414,AD2702,23755.0,0,0,0.0202062723637128
20260414,AD2703,23795.0,0,3,0.0
20260415,AD2604,23600.0,3,534,0.0330508474576261
20260415,AD2605,23665.0,1282,5030,0.0380308472427639
20260415,AD2606,23740.0,4221,15990,0.0353833192923342
20260415,AD2607,23810.0,22,499,-0.0277194456110883
20260415,AD2608,23755.0,24,343,-0.0151547042727853
20260415,AD2609,23725.0,3,15,-0.0834562697576402
20260415,AD2610,23560.0,0,2,0.0789473684210522
20260415,AD2611,23715.0,0,0,0.0683111954459194
20260415,AD2612,23850.0,1,1,0.0012719949120203
20260415,AD2701,24075.0,0,7,-0.157009345794393
20260415,AD2702,23760.0,0,0,0.0176767676767681
20260415,AD2703,23795.0,0,3,0.0
20260416,AD2605,24090.0,2819,4862,0.0273972602739736
20260416,AD2606,24145.0,12591,18074,0.0173949057775928
20260416,AD2607,24180.0,423,769,0.0198511166253103
20260416,AD2608,24220.0,42,345,-0.1758876961189099
20260416,AD2609,23865.0,0,15,-0.0201131363922058
20260416,AD2610,23825.0,0,2,0.0906610703043009
20260416,AD2611,24005.0,0,0,0.0349927098521147
20260416,AD2612,24075.0,1,2,0.0022401904161853
20260416,AD2701,24475.0,2,6,-0.1544433094994897
20260416,AD2702,24160.0,0,0,-0.0149006622516552
20260416,AD2703,24130.0,0,3,-0.1665975963530868
20260416,AD2704,23795.0,0,0,0.0
20260417,AD2605,23965.0,1258,4642,0.0375547673690803
20260417,AD2606,24040.0,7184,18494,0.0149750415973377
20260417,AD2607,24070.0,157,812,0.0299127544661406
20260417,AD2608,24130.0,49,341,0.0447575631993375
20260417,AD2609,24220.0,14,9,0.0272502064409589
20260417,AD2610,24275.0,6,4,-0.1334706488156536
20260417,AD2611,24005.0,0,0,0.0349927098521147
20260417,AD2612,24075.0,0,2,0.0023521999369946
20260417,AD2701,24495.0,2,6,-0.1641151255358237
20260417,AD2702,24160.0,0,0,-0.0149006622516552
20260417,AD2703,24130.0,0,3,-0.1665975963530868
20260417,AD2704,23795.0,0,0,0.0
20260420,AD2605,23670.0,1491,4542,0.0506970849176182
20260420,AD2606,23770.0,7282,17787,0.0328144720235599
20260420,AD2607,23835.0,136,816,0.0528634361233484
20260420,AD2608,23940.0,41,368,0.075187969924813
20260420,AD2609,24090.0,0,9,-0.0049813200498127
20260420,AD2610,24080.0,3,3,-0.0373754152823915
20260420,AD2611,24005.0,0,0,0.0574880233284744
20260420,AD2612,24120.0,1,1,0.0010062049304041
20260420,AD2701,24300.0,1,6,-0.0691358024691357
20260420,AD2702,24160.0,0,0,-0.0149006622516552
20260420,AD2703,24130.0,0,3,-0.1665975963530868
20260420,AD2704,23795.0,0,0,0.0
20260421,AD2605,23410.0,1628,4304,0.0486971379752247
20260421,AD2606,23505.0,7664,17078,0.0485003190810475
20260421,AD2607,23600.0,165,827,0.0254237288135605
20260421,AD2608,23650.0,89,361,0.177589852008456
20260421,AD2609,24000.0,3,8,-0.0749999999999997
20260421,AD2610,23850.0,0,3,0.0226415094339635
20260421,AD2611,23895.0,0,0,0.010043942247333
20260421,AD2612,23915.0,0,1,0.0007893123351194
20260421,AD2701,24055.0,0,6,-0.0598628143837038
20260421,AD2702,23935.0,0,0,0.0025067892208072
20260421,AD2703,23940.0,0,3,-0.0726817042606517
20260421,AD2704,23795.0,0,0,0.0
20260422,AD2605,23535.0,863,4169,0.0484384958572325
20260422,AD2606,23630.0,4413,16700,0.0228523063901819
20260422,AD2607,23675.0,196,881,0.0025343189017954
20260422,AD2608,23680.0,103,402,0.0126689189189184
20260422,AD2609,23705.0,2,8,0.0734022358152275
20260422,AD2610,23850.0,0,3,0.0226415094339635
20260422,AD2611,23895.0,0,0,0.010043942247333
20260422,AD2612,23915.0,0,1,0.0007893123351194
20260422,AD2701,24055.0,0,6,-0.0598628143837038
20260422,AD2702,23935.0,0,0,0.0025067892208072
20260422,AD2703,23940.0,0,3,-0.0726817042606517
20260422,AD2704,23795.0,0,0,0.0
20260423,AD2605,23475.0,1171,3893,0.0178913738019161
20260423,AD2606,23510.0,6128,16139,0.0612505316886426
20260423,AD2607,23630.0,239,987,-0.0152348709267884
20260423,AD2608,23600.0,59,432,0.1118644067796612
20260423,AD2609,23820.0,0,8,0.0075566750629718
20260423,AD2610,23835.0,1,2,0.0125865324103218
20260423,AD2611,23860.0,0,0,0.0276613579212074
20260423,AD2612,23915.0,0,1,0.0007893123351194
20260423,AD2701,24055.0,0,6,-0.0598628143837038
20260423,AD2702,23935.0,0,0,0.0025067892208072
20260423,AD2703,23940.0,0,3,-0.0726817042606517
20260423,AD2704,23795.0,0,0,0.0
20260424,AD2605,23335.0,1990,3228,0.0308549389329328
20260424,AD2606,23395.0,6265,15732,0.0230818550972431
20260424,AD2607,23440.0,110,1018,0.005119453924915
20260424,AD2608,23450.0,45,452,0.104904051172709
20260424,AD2609,23655.0,0,8,0.0710209258084981
20260424,AD2610,23795.0,0,2,-0.0302584576591726
20260424,AD2611,23735.0,0,0,0.0884769327996624
20260424,AD2612,23910.0,0,1,0.0018891066217416
20260424,AD2701,24245.0,1,7,-0.1905547535574343
20260424,AD2702,23860.0,0,0,-0.042749371332774
20260424,AD2703,23775.0,0,3,0.0100946372239736
20260424,AD2704,23795.0,0,0,0.0
20260427,AD2605,23365.0,2243,1371,-0.0077038305157284
20260427,AD2606,23350.0,7005,13935,0.0282655246252678
20260427,AD2607,23405.0,2889,2928,0.0333262123477879
20260427,AD2608,23470.0,49,451,0.0536855560289728
20260427,AD2609,23575.0,258,49,0.083987274655354
20260427,AD2610,23740.0,0,2,-0.0379106992417863
20260427,AD2611,23665.0,1,1,0.0735263046693432
20260427,AD2612,23810.0,0,1,0.0013590739421166
20260427,AD2701,24050.0,10,7,-0.1222453222453219
20260427,AD2702,23805.0,0,0,0.1235034656584739
20260427,AD2703,24050.0,7,1,-0.1272349272349275
20260427,AD2704,23795.0,0,0,0.0
20260428,AD2605,23055.0,514,1137,0.0494469746258943
20260428,AD2606,23150.0,6806,12123,0.0362850971922235
20260428,AD2607,23220.0,3738,5534,0.0051679586563304
20260428,AD2608,23230.0,39,479,0.0671545415411101
20260428,AD2609,23360.0,208,106,0.0924657534246575
20260428,AD2610,23540.0,0,2,-0.1427357689039929
20260428,AD2611,23260.0,1,1,0.1908856405846934
20260428,AD2612,23630.0,0,1,0.0001141188833467
20260428,AD2701,23650.0,3,8,-0.0532769556025365
20260428,AD2702,23545.0,3,3,0.1605436398386057
20260428,AD2703,23860.0,0,1,-0.0930427493713326
20260428,AD2704,23675.0,0,0,0.0
20260429,AD2605,23035.0,138,1106,0.0338615150857402
20260429,AD2606,23100.0,7186,9568,0.0597402597402609
20260429,AD2607,23215.0,3728,7513,0.093043290975662
20260429,AD2608,23395.0,121,536,-0.0666809147253686
20260429,AD2609,23265.0,5,108,0.1418439716312045
20260429,AD2610,23540.0,0,2,-0.1121495327102803
20260429,AD2611,23320.0,0,1,0.1337907375643228
20260429,AD2612,23580.0,0,1,-0.000428853246419
20260429,AD2701,23505.0,1,7,0.0178685386088064
20260429,AD2702,23540.0,1,2,0.1631265930331356
20260429,AD2703,23860.0,0,1,-0.0930427493713326
20260429,AD2704,23675.0,0,0,0.0
20260430,AD2605,22845.0,645,687,0.0341431385423511
20260430,AD2606,22910.0,7230,7815,0.0811872544740284
20260430,AD2607,23065.0,3605,8280,0.0650336006936909
20260430,AD2608,23190.0,718,849,0.0517464424320817
20260430,AD2609,23290.0,99,156,0.0592528982395874
20260430,AD2610,23405.0,0,2,-0.043580431531724
20260430,AD2611,23320.0,0,1,0.0797598627787312
20260430,AD2612,23475.0,0,1,0.0001723085759414
20260430,AD2701,23505.0,0,7,0.0178685386088064
20260430,AD2702,23540.0,1,3,0.1631265930331356
20260430,AD2703,23860.0,0,1,-0.1609388097233859
20260430,AD2704,23540.0,0,0,0.0
20260506,AD2605,23145.0,54,690,0.0518470511989619
20260506,AD2606,23245.0,3206,7642,0.0309744030974403
20260506,AD2607,23305.0,1966,8730,0.0308946577987558
20260506,AD2608,23365.0,164,850,0.1001497967044722
20260506,AD2609,23560.0,21,170,-0.0789473684210522
20260506,AD2610,23405.0,0,2,0.1256141850032035
20260506,AD2611,23650.0,1,1,-0.088794926004228
20260506,AD2612,23475.0,0,1,0.0001723085759414
20260506,AD2701,23505.0,0,7,0.1378430121250797
20260506,AD2702,23775.0,0,3,0.0429022082018919
20260506,AD2703,23860.0,0,1,-0.1609388097233859
20260506,AD2704,23540.0,0,0,0.0
20260507,AD2605,22745.0,66,651,0.068586502528027
20260507,AD2606,22875.0,4720,7470,0.0498360655737712
20260507,AD2607,22970.0,4319,10029,0.0757509795385296
20260507,AD2608,23115.0,100,846,0.0597014925373144
20260507,AD2609,23230.0,193,183,0.0542402066293599
20260507,AD2610,23335.0,0,2,0.0282836940218551
20260507,AD2611,23390.0,0,1,0.0410431808465165
20260507,AD2612,23470.0,0,1,0.0003446905684043
20260507,AD2701,23530.0,3,7,0.0280492987675318
20260507,AD2702,23585.0,1,2,0.0890396438414251
20260507,AD2703,23760.0,0,1,-0.1111111111111116
20260507,AD2704,23540.0,0,0,0.0
20260508,AD2605,22735.0,141,630,0.0950076973828899
20260508,AD2606,22915.0,4568,7273,0.057604189395592
20260508,AD2607,23025.0,4639,11536,0.0859934853420201
20260508,AD2608,23190.0,71,839,0.0284605433376468
20260508,AD2609,23245.0,525,261,0.0464616046461605
20260508,AD2610,23335.0,0,2,0.0282836940218551
20260508,AD2611,23390.0,0,1,-0.0282171868319798
20260508,AD2612,23335.0,0,1,0.0013000676516685
20260508,AD2701,23560.0,0,7,0.0
20260508,AD2702,23560.0,1,1,0.1018675721561965
20260508,AD2703,23760.0,0,1,-0.1111111111111116
20260508,AD2704,23540.0,0,0,0.0
20260511,AD2605,22875.0,36,624,0.09967213114753992
20260511,AD2606,23065.0,3381,6842,0.05202688055495219
20260511,AD2607,23165.0,6988,12536,0.05957263112454214
20260511,AD2608,23280.0,34,841,0.07474226804123685
20260511,AD2609,23425.0,160,278,-0.02561366061899717
20260511,AD2610,23375.0,7,5,0.16941176470588282
20260511,AD2611,23705.0,3,1,-0.22526893060535746
20260511,AD2612,23260.0,3,4,0.00182596346140841
20260511,AD2701,23575.0,0,7,0.030540827147401473
20260511,AD2702,23635.0,0,1,0.06346519991538102
20260511,AD2703,23760.0,0,1,-0.1111111111111116
20260511,AD2704,23540.0,0,0,0.0
