时间,开盘,最高,最低,收盘,成交量,持仓量,MA5,MA10,MA20,MA60,MACD,MACD_SIGNAL,MACD_HIST,RSI14,ATR14,CCI20,VOL_MA20,OBV,OI_MA20,OI_CHANGE,OI_CHANGE_PCT
2024-12-26,44000.0,44000.0,41010.0,41570.0,301655,31271,41570.0,41570.0,41570.0,41570.0,0.0,0.0,0.0,0.0,2990.0,0.0,301655.0,0,31271.0,0.0,0.0
2024-12-27,41600.0,42160.0,41225.0,41950.0,172813,32846,41760.0,41760.0,41760.0,41760.0,30.313390313385753,6.062678062677151,24.250712250708602,99.99999999994736,1962.5,-35.35533905932738,237234.0,172813,32058.5,1575.0,5.036615394454924
2024-12-30,41900.0,43010.0,41750.0,42535.0,136506,35565,42018.333333333336,42018.333333333336,42018.333333333336,42018.333333333336,100.38441246419097,24.927024942979916,75.45738752121106,99.9999999999689,1728.3333333333333,44.94871571776152,203658.0,309319,33227.333333333336,2719.0,8.278024721427268
2024-12-31,42570.0,42705.0,42230.0,42465.0,74312,31540,42130.0,42130.0,42130.0,42130.0,148.5553339502585,49.65268674443564,98.90264720582286,93.23671497584542,1415.0,39.304922900257566,171321.5,235007,32805.5,-4025.0,-11.317306340503308
2025-01-02,42315.0,42680.0,42315.0,42570.0,36858,30447,42218.0,42218.0,42218.0,42218.0,192.9792144997482,78.31799229549816,114.66122220425004,93.85964912280701,1205.0,39.7141096695407,144428.8,271865,32333.8,-1093.0,-3.4654407102092555
2025-01-03,42570.0,42780.0,42365.0,42560.0,37079,29242,42416.0,42275.0,42275.0,42275.0,224.78733499292866,107.61186083498427,117.1754741579444,93.04347826086956,1073.3333333333333,40.48068978127496,126537.16666666667,234786,31818.5,-1205.0,-3.957696981640224
2025-01-06,42600.0,43600.0,42560.0,43325.0,68310,31663,42691.0,42425.0,42425.0,42425.0,308.1721891115958,147.72392649030658,160.44826262128922,95.822454308094,1068.5714285714287,85.82580426253959,118219.0,303096,31796.285714285714,2421.0,8.279187470077275
2025-01-07,43325.0,43450.0,42765.0,43185.0,39615,30357,42821.0,42520.0,42520.0,42520.0,358.8221780750973,189.94357680726472,168.8786012678326,89.29440389294405,1020.625,65.92672615540633,108393.5,263481,31616.375,-1306.0,-4.124688121782527
2025-01-08,43185.0,43390.0,42650.0,42700.0,30253,28183,42868.0,42540.0,42540.0,42540.0,355.72661754137516,223.10018495408684,132.62643258728832,72.24409448818898,989.4444444444445,38.07784475731139,99711.22222222222,233228,31234.88888888889,-2174.0,-7.161445465625715
2025-01-09,43000.0,43000.0,42165.0,42575.0,36908,27681,42869.0,42543.5,42543.5,42543.5,339.27594626804785,246.33533721687905,92.94060905116879,68.85553470919325,974.0,0.615404146199743,93430.9,196320,30879.5,-502.0,-1.781215626441468
2025-01-10,42660.0,43480.0,42435.0,43070.0,33598,26973,42971.0,42693.5,42591.36363636364,42591.36363636364,362.0080306405798,269.4698759016192,92.5381547389606,73.73417721518987,980.4545454545455,45.70093720537788,87991.54545454546,229918,30524.363636363636,-708.0,-2.5577110653516866
2025-01-13,43270.0,43480.0,42865.0,43385.0,22370,26759,42983.0,42837.0,42657.5,42657.5,400.8208257399747,295.74006586929033,105.08075987068435,76.11510791366906,950.0,65.95157429845082,82523.08333333333,252288,30210.583333333332,-214.0,-0.7933859785711594
2025-01-14,43305.0,43850.0,43120.0,43650.0,34850,28130,43076.0,42948.5,42733.846153846156,42733.846153846156,447.8015532310601,326.15236334164433,121.64918988941577,77.80748663101605,933.0769230769231,83.30703891984545,78855.92307692308,287138,30050.53846153846,1371.0,5.1235098471542395
2025-01-15,43550.0,44640.0,43550.0,44225.0,79215,30974,43381.0,43124.5,42840.357142857145,42840.357142857145,525.3756097755759,365.99701262843064,159.37859714714523,80.76477404403244,944.2857142857143,109.1009756597205,78881.57142857143,366353,30116.5,2844.0,10.110202630643439
2025-01-16,44235.0,44445.0,43800.0,44130.0,29190,29862,43692.0,43280.5,42926.333333333336,42926.333333333336,572.587470489656,407.3151042006757,165.27236628898027,79.02494331065759,776.7857142857143,90.52670569067861,75568.8,337163,30099.533333333333,-1112.0,-3.590107832375544
2025-01-17,44130.0,45190.0,44015.0,44940.0,63067,33745,44066.0,43518.5,43052.1875,43052.1875,667.666991328435,459.3854816262276,208.28150970220736,80.88842975206612,793.9285714285714,107.29634475626108,74787.4375,400230,30327.375,3883.0,13.003147813274385
2025-01-20,44505.0,45060.0,44505.0,44705.0,22940,31434,44330.0,43656.5,43149.41176470588,43149.41176470588,715.8043140217342,510.66924810532896,205.1350659164052,74.16481069042317,743.5714285714286,93.61517267338643,71737.58823529411,377290,30392.470588235294,-2311.0,-6.848421988442732
2025-01-21,44780.0,44850.0,43940.0,44265.0,33834,27276,44453.0,43764.5,43211.38888888889,43211.38888888889,710.2617114136738,550.587740766998,159.6739706466758,68.51851851851852,774.6428571428571,64.73351336359859,69631.83333333333,343456,30219.333333333332,-4158.0,-13.227715212826874
2025-01-22,44000.0,44185.0,43360.0,43770.0,29641,25171,44362.0,43871.5,43240.78947368421,43240.78947368421,658.3378864482365,572.1377699032457,86.2001165449908,61.42857142857143,813.2142857142857,30.949777905325178,67527.05263157895,313815,29953.63157894737,-2105.0,-7.7174072444640025
2025-01-23,43760.0,43965.0,43315.0,43380.0,17719,23863,44212.0,43952.0,43247.75,43247.75,579.0432898348809,573.5188738895728,5.524415945308078,57.28241563055062,830.0,17.949643207943982,65036.65,296096,29649.1,-1308.0,-5.196456239323033
2025-01-24,43310.0,43770.0,42965.0,43195.0,21936,22291,43863.0,43964.5,43329.0,43245.23809523809,495.56127494025714,557.9273540997096,-62.36607915945251,48.712871287128706,813.2142857142857,0.4438442510593454,51050.7,274160,29200.1,-1572.0,-6.587604240875001
2025-01-27,43325.0,43735.0,43100.0,43730.0,10720,21281,43668.0,43999.0,43418.0,43267.27272727273,467.1857786559631,539.7790390109603,-72.59326035499726,55.004591368227736,809.6428571428571,8.970590277781,42946.05,284880,28621.85,-1010.0,-4.53097662733839
2025-02-05,43540.0,44140.0,42820.0,43200.0,16243,21144,43455.0,43954.0,43451.25,43264.34782608696,397.3510077362953,511.29343275602736,-113.94242501973207,54.553734061930776,851.0714285714286,-3.6483219625367864,36932.9,268637,27900.8,-137.0,-0.6437667402847569
2025-02-06,43200.0,43880.0,43180.0,43795.0,14408,21881,43460.0,43911.0,43517.75,43286.458333333336,385.57332672816847,486.14941155045557,-100.5760848222871,60.234899328859065,841.4285714285714,9.30808237078678,33937.7,283045,27417.85,737.0,3.4856223987892454
2025-02-07,43800.0,44645.0,43740.0,44105.0,29414,23491,43605.0,43908.5,43594.5,43319.2,396.6811455767529,468.25575835571505,-71.57461277896215,58.961038961038966,831.4285714285714,46.11749487971906,33565.5,312459,27070.05,1610.0,7.357981810703351
2025-02-10,44000.0,44555.0,43805.0,44435.0,15906,22558,43853.0,43858.0,43688.25,43362.11538461538,427.1880561210637,460.0422179087848,-32.85416178772107,59.067357512953365,841.0714285714286,49.729044268307995,32506.85,328365,26735.85,-933.0,-3.971733855519133
2025-02-11,44500.0,44550.0,43705.0,43870.0,17071,20978,43881.0,43774.5,43715.5,43380.92592592593,401.1500167341728,448.2637776738624,-47.1137609396896,51.80623973727422,849.2857142857143,27.968556491526776,29944.9,311294,26201.6,-1580.0,-7.0041670360847625
2025-02-12,43810.0,44275.0,43800.0,43915.0,10612,21113,44024.0,43739.5,43752.0,43400.0,379.76807685288077,434.5646375096661,-54.796560656785346,47.21223021582734,805.3571428571429,21.056040895105927,28494.75,321906,25739.4,135.0,0.6435313185241709
2025-02-13,43950.0,44150.0,43620.0,43810.0,10801,20722,44027.0,43743.5,43807.5,43414.137931034486,350.3119350444322,417.71409701661935,-67.40216197218717,47.12746858168761,797.1428571428571,5.720360070260747,27522.15,311105,25366.35,-391.0,-1.8519395633022295
2025-02-14,44100.0,44260.0,43845.0,44150.0,10245,20607,44036.0,43820.5,43886.25,43438.666666666664,350.36410958146735,404.244099529589,-53.87998994812165,42.25490196078431,745.3571428571429,22.364032739248362,26189.0,321350,25012.65,-115.0,-0.5549657368979832
2025-02-17,44100.0,44360.0,43915.0,44270.0,11211,21064,44003.0,43928.0,43946.25,43465.48387096774,355.9848832548523,394.5922562746417,-38.60737301978941,45.63691073219658,737.5,28.89054489562892,25069.65,332561,24717.2,457.0,2.2176930169359954
2025-02-18,44270.0,44400.0,44085.0,44160.0,8338,20826,44061.0,43971.0,43985.0,43487.1875,347.55688675104466,385.18518236992236,-37.6282956188777,48.872180451127825,695.0,28.97583892139863,24368.05,324223,24420.55,-238.0,-1.1298898594758855
2025-02-19,44270.0,44275.0,44015.0,44060.0,6023,20673,44090.0,44057.0,44005.5,43504.545454545456,329.015785367701,373.9513029694781,-44.935517601777065,53.40375586854461,648.9285714285714,13.733725346567406,22926.7,318200,24047.7,-153.0,-0.7346585998271427
2025-02-20,43950.0,44080.0,43660.0,43765.0,12769,21133,44081.0,44054.0,43982.5,43512.205882352944,287.2070502626011,356.6024524281027,-69.3954021655016,54.621848739495796,632.5,-20.125573990431462,19604.4,305431,23555.65,460.0,2.2251245586029977
2025-02-21,43860.0,44100.0,43555.0,43825.0,9263,20748,44016.0,44026.0,43967.25,43521.142857142855,255.96422873852134,336.4748076901864,-80.51057895166508,57.79702970297029,613.9285714285714,-19.26974457588338,18608.05,314694,23099.95,-385.0,-1.8217952964557749
2025-02-24,43690.0,43920.0,43610.0,43900.0,5589,20892,43942.0,43972.5,43915.25,43531.666666666664,234.552169382172,316.09028002858355,-81.53811064641155,52.37430167597765,590.7142857142857,-17.36027180262016,15734.15,320283,22457.3,144.0,0.6940427993059606
2025-02-25,43840.0,44065.0,43710.0,43835.0,10150,20268,43877.0,43969.0,43871.75,43539.86486486487,209.91819502170983,294.8558630272088,-84.93766800549895,60.19261637239165,521.7857142857143,-3.1908009033397287,15094.65,310133,21899.0,-624.0,-2.9867892016082753
2025-02-26,43805.0,44600.0,43660.0,44515.0,24931,22666,43968.0,44029.0,43884.25,43565.52631578947,242.47085676183633,284.3788617741343,-41.90800501229796,61.25,538.9285714285714,64.31711532974899,14649.5,335064,21668.5,2398.0,11.831458456680476
2025-02-27,44500.0,44795.0,44310.0,44550.0,15975,22751,44125.0,44103.0,43923.25,43590.769230769234,268.00390106807026,281.1038696329215,-13.099968564851224,57.60683760683761,508.92857142857144,96.6308952130852,13966.2,351039,21547.5,85.0,0.37501102973616085
2025-02-28,44535.0,44620.0,44155.0,44265.0,8912,21465,44213.0,44114.5,43967.5,43607.625,262.21920471462363,277.32693664926194,-15.10773193463831,47.048611111111114,488.57142857142856,58.8451733377482,13525.85,342127,21427.6,-1286.0,-5.652498791261918
2025-03-03,44265.0,44480.0,44125.0,44390.0,6564,21668,44311.0,44126.5,44027.25,43626.70731707317,264.67029213326896,274.79560774606335,-10.125315612794395,60.65573770491803,453.57142857142856,53.45646402016338,12757.25,348691,21396.45,203.0,0.9457255998136516
2025-03-04,44290.0,44415.0,43800.0,44100.0,8341,21212,44364.0,44120.5,44045.75,43637.97619047619,240.44057096972392,267.9246003907955,-27.48402942107157,53.44506517690875,463.57142857142856,11.272780964501006,12638.3,340350,21393.0,-456.0,-2.1044858777921394
2025-03-05,44100.0,44145.0,43800.0,43875.0,8253,22081,44236.0,44102.0,44079.5,43643.48837209302,200.76838976216095,254.4933582650686,-53.72496850290764,51.15864527629233,450.35714285714283,-28.68292995000183,12238.8,332097,21439.85,869.0,4.096737695643982
2025-03-06,43905.0,44480.0,43720.0,44400.0,19426,24043,44206.0,44165.5,44109.75,43660.681818181816,209.27857953102648,245.45040251826018,-36.171822987233696,54.180602006688964,472.5,24.607137467628014,12489.7,351523,21547.95,1962.0,8.8854671436982
2025-03-07,44400.0,44450.0,43980.0,44015.0,8087,23011,44156.0,44184.5,44105.25,43668.555555555555,182.84891533818154,232.93010508224447,-50.081189744062925,46.082949308755765,474.2857142857143,12.091005498023756,11423.35,343436,21523.95,-1032.0,-4.292309611945266
2025-03-10,44060.0,44200.0,43815.0,43850.0,7812,23847,44048.0,44179.5,44076.0,43672.5,146.89577199236373,215.72323846426832,-68.82746647190459,45.31722054380664,479.2857142857143,-31.95074640976163,11018.65,335624,21588.4,836.0,3.633045065403495
2025-03-11,43900.0,44180.0,43900.0,44150.0,8147,24000,44058.0,44211.0,44090.0,43682.65957446808,140.98495288105187,200.77558134762504,-59.79062846657317,51.282051282051285,484.2857142857143,-2.1946268301893435,10572.45,343771,21739.5,153.0,0.6415901371241706
2025-03-12,44160.0,44255.0,43910.0,44050.0,6314,24087,44093.0,44164.5,44096.75,43690.3125,126.7700951399238,185.9744841060848,-59.20438896616099,54.29864253393666,478.92857142857144,-4.391382012165359,10357.55,337457,21888.2,87.0,0.36249999999999893
2025-03-13,44060.0,44230.0,43950.0,44120.0,6781,24270,44037.0,44121.5,44112.25,43699.08163265306,119.77247046935372,172.73408137873858,-52.96161090938486,54.43609022556391,460.0,-0.32418009246713153,10156.55,344238,22065.6,183.0,0.7597459210362478
2025-03-14,43995.0,44185.0,43750.0,43770.0,12131,25293,43988.0,44072.0,44093.25,43700.5,85.00484463949397,155.18823403088965,-70.18338939139568,48.19444444444444,468.92857142857144,-48.10974678278472,10250.85,332107,22299.9,1023.0,4.215080346106315
2025-03-17,43780.0,43780.0,43070.0,43220.0,25926,27936,43862.0,43955.0,44040.75,43691.07843137255,12.921891699974367,126.7349655647066,-113.81307386473223,42.47246022031823,494.2857142857143,-135.7043977775011,10986.6,306181,22643.5,2643.0,10.449531490926333
2025-03-18,43220.0,43495.0,42480.0,43080.0,37040,29242,43648.0,43853.0,43986.75,43679.32692307692,-54.868705522727396,90.4142313472198,-145.2829368699472,29.760225669957677,499.64285714285717,-142.58562025116987,12421.7,269141,23064.3,1306.0,4.674971363115699
2025-03-19,43135.0,43660.0,42700.0,43610.0,25441,29415,43560.0,43826.5,43964.25,43678.018867924526,-65.07651012145652,59.31608305348453,-124.39259317494106,38.366336633663366,533.5714285714286,-84.73767228567054,13392.6,294582,23501.4,173.0,0.5916148006292365
2025-03-20,43610.0,43990.0,43355.0,43695.0,27964,28956,43475.0,43756.0,43960.75,43678.333333333336,-65.5518383954186,34.34249876370391,-99.8943371591225,42.57812500000001,545.7142857142857,-35.171265276239176,14152.35,322546,23892.55,-459.0,-1.5604283528811824
2025-03-21,43790.0,43890.0,43340.0,43515.0,13387,29108,43424.0,43706.0,43945.25,43675.36363636364,-79.53619144887489,11.566760721188148,-91.10295217006303,38.767650834403085,559.6428571428571,-45.68919883831644,14358.55,309159,24310.55,152.0,0.5249343832020914
2025-03-24,43550.0,43750.0,43405.0,43640.0,9043,28148,43508.0,43685.0,43932.25,43674.732142857145,-79.6146880981687,-6.669529042683223,-72.94515905548548,43.83378016085791,540.3571428571429,-41.43493979715928,14531.25,318202,24673.35,-960.0,-3.298062388346845
2025-03-25,43640.0,43860.0,43600.0,43795.0,9404,27517,43651.0,43649.5,43930.25,43676.84210526316,-66.40422606444918,-18.616468447036414,-47.787757617412765,48.90710382513661,534.2857142857143,-20.877467236175363,14493.95,327606,25035.8,-631.0,-2.241722324854345
2025-03-26,43840.0,43990.0,43600.0,43640.0,12352,27277,43657.0,43608.5,43886.5,43676.206896551725,-67.66207802019926,-28.425590361668988,-39.23648765853027,38.44984802431612,507.85714285714283,-18.985151441726067,13865.0,315254,25266.35,-240.0,-0.8721881019006394
2025-03-27,43680.0,43880.0,43560.0,43760.0,7933,27255,43670.0,43572.5,43847.0,43677.627118644064,-58.30384718187997,-34.40124172571119,-23.902605456168786,45.78512396694215,497.14285714285717,-16.32162408409002,13462.9,323187,25491.55,-22.0,-0.08065403086849887
2025-03-28,43760.0,43850.0,43510.0,43650.0,7080,27368,43697.0,43560.5,43816.25,43677.166666666664,-59.082397411897546,-39.33747286294846,-19.744924548949086,46.63299663299664,493.92857142857144,-21.647396772228305,13371.3,316107,25786.7,113.0,0.4146028251696965
2025-03-31,43635.0,43635.0,43285.0,43460.0,9308,27527,43661.0,43584.5,43769.75,43708.666666666664,-74.17576414582436,-46.30513111952364,-27.870633026300723,37.93706293706294,496.42857142857144,-48.73099653230579,13508.5,306799,26079.65,159.0,0.5809704764688783
2025-04-01,43500.0,43650.0,43325.0,43560.0,7083,26637,43614.0,43632.5,43742.75,43735.5,-77.17853564224788,-52.47981202406849,-24.698723618179393,41.433566433566426,495.0,-36.570165593522624,13445.6,313882,26350.9,-890.0,-3.2331892323900213
2025-04-02,43500.0,43780.0,43425.0,43680.0,11281,28096,43622.0,43639.5,43733.0,43754.583333333336,-69.07895734865451,-55.799641088985695,-13.279316259668818,42.439862542955325,500.35714285714283,-15.621927340489993,13597.0,325163,26651.65,1459.0,5.477343544693469
2025-04-03,43570.0,43775.0,43370.0,43650.0,14315,31402,43600.0,43635.0,43695.5,43774.333333333336,-64.33907170724706,-57.50752721263797,-6.831544494609091,47.68339768339768,498.2142857142857,-16.672615037137746,13341.45,310848,27019.6,3306.0,11.766799544419126
2025-04-07,43050.0,43635.0,42865.0,43265.0,23305,31402,43523.0,43610.0,43658.0,43785.916666666664,-90.60452800863277,-64.12692737183693,-26.47760063679584,50.92783505154639,503.57142857142856,-69.0680177678503,14102.35,287543,27439.15,0.0,0.0
2025-04-08,43280.0,43420.0,40880.0,42405.0,54034,35997,43312.0,43486.5,43585.75,43783.333333333336,-178.75433533297473,-87.0524089640645,-91.70192636891024,39.268680445151034,612.5,-158.97507047537434,16413.45,233509,28046.65,4595.0,14.632825934653848
2025-04-09,42000.0,42340.0,41100.0,42245.0,31051,35983,43049.0,43331.5,43490.5,43765.333333333336,-258.54402101064625,-121.35073137338085,-137.1932896372654,25.405405405405403,637.1428571428571,-143.5894557753566,17558.65,202458,28645.8,-14.0,-0.03889212989971469
2025-04-10,42885.0,43300.0,42100.0,42190.0,21615,36458,42751.0,43186.5,43397.5,43748.75,-322.4984012878922,-161.58026535628312,-160.91813593160907,22.58652094717668,677.5,-75.69313733510606,18323.7,180843,29264.35,475.0,1.3200678097990748
2025-04-11,41700.0,42085.0,41350.0,41835.0,27028,37060,42388.0,42994.0,43283.25,43734.333333333336,-397.24900234514644,-208.7140127540558,-188.53498959109064,21.23287671232876,698.2142857142857,-117.38416468898194,19336.05,153815,29903.85,602.0,1.6512150968237327
2025-04-14,42080.0,42150.0,41410.0,41550.0,23043,40140,42045.0,42784.0,43172.25,43717.25,-474.0222766510269,-261.77566553345,-212.2466111175769,16.07142857142857,726.4285714285714,-101.96378962546997,19881.65,130772,30646.2,3080.0,8.310847274689692
2025-04-15,41500.0,41580.0,40115.0,40485.0,65060,49439,41661.0,42486.5,43035.5,43674.166666666664,-613.7275795784153,-332.1660483424431,-281.5615312359722,8.521303258145366,812.5,-128.7380764274758,21838.35,65712,31721.35,9299.0,23.16641753861486
2025-04-16,40690.0,40800.0,39505.0,40265.0,74118,54112,41265.0,42157.0,42894.75,43622.166666666664,-733.7391123041089,-412.48066113477626,-321.2584511693326,8.384710234278671,877.1428571428571,-123.03413783816968,23692.25,-8406,32964.85,4673.0,9.452052023705981
2025-04-17,40165.0,40680.0,39340.0,39440.0,64390,56218,40715.0,41733.0,42686.25,43552.0,-885.215508458954,-507.0276305996118,-378.18787785934217,4.621848739495789,950.0,-112.45968511101611,25639.7,-72796,34305.0,2106.0,3.891927853341226
2025-04-18,39390.0,39400.0,37390.0,37615.0,201470,62628,39871.0,41129.5,42382.25,43441.833333333336,-1139.389716176178,-633.5000477149251,-505.88966846125277,3.3976833976833944,1072.142857142857,-132.7878649126838,34315.0,-274266,35988.6,6410.0,11.40204205058879
2025-04-21,37800.0,38710.0,37135.0,38420.0,159263,66430,39245.0,40645.0,42127.5,43346.666666666664,-1261.3280303001957,-759.0656442319793,-502.2623860682164,14.456981664315947,1158.5714285714287,-109.35339429470342,41608.8,-115003,37854.7,3802.0,6.070767069042593
2025-04-22,38000.0,38550.0,37680.0,38020.0,129087,66241,38752.0,40206.5,41846.5,43231.333333333336,-1374.3984697956548,-882.1322093447145,-492.2662604509403,12.516914749661709,1197.5,-93.28021162304279,47611.0,-244090,39759.35,-189.0,-0.28451001053740876
2025-04-23,38305.0,39325.0,38105.0,39135.0,89640,60991,38526.0,39895.5,41613.5,43138.5,-1358.3778913969873,-977.3813457551691,-380.9965456418181,22.898032200357775,1265.357142857143,-66.43870749988311,51622.8,-154450,41433.05,-5250.0,-7.925604987847401
2025-04-24,38900.0,39840.0,38500.0,39375.0,107014,59000,38513.0,39614.0,41400.25,43057.0,-1311.200767108603,-1044.145230025856,-267.0555370827469,25.130890052356023,1332.142857142857,-51.79568174851342,56355.9,-47436,43019.2,-1991.0,-3.2644160613861106
2025-04-25,39375.0,39415.0,38380.0,38390.0,95530,56040,38668.0,39269.5,41131.75,42967.333333333336,-1337.8716723856996,-1102.8905184978248,-234.98115388787483,23.491027732463294,1350.0,-57.83054045577767,60735.75,-142966,44458.45,-2960.0,-5.016949152542372
2025-04-28,38390.0,38495.0,37730.0,37780.0,80862,55092,38540.0,38892.5,40838.25,42874.0,-1392.1822486297315,-1160.748864524206,-231.43338410552542,24.147568474007826,1223.2142857142858,-67.58235252940982,64424.85,-223828,45844.65,-948.0,-1.691648822269809
2025-04-29,37500.0,37835.0,36895.0,37320.0,116998,58208,38400.0,38576.0,40531.25,42776.083333333336,-1455.5631018280037,-1219.7117119849656,-235.85138984303808,23.36398053001622,1197.142857142857,-74.09077766435756,69809.35,-340826,47378.7,3116.0,5.655993610687582
2025-04-30,37220.0,37920.0,36665.0,37245.0,124573,54266,38022.0,38274.0,40215.5,42668.0,-1494.6157577317426,-1274.692521134321,-219.9232365974217,23.31354560172693,1201.0714285714287,-68.52044758948585,75683.85,-465399,48760.15,-3942.0,-6.772264980758658
2025-05-06,37200.0,37350.0,36325.0,36410.0,80443,54266,37429.0,37971.0,39852.0,42554.833333333336,-1574.7895963146584,-1334.7119361703885,-240.07766014426988,22.165212929707536,1214.2857142857142,-74.39011395949846,79141.95,-545842,50068.65,0.0,0.0
2025-05-07,36670.0,37140.0,35470.0,35520.0,135166,63290,36855.0,37761.5,39445.5,42416.916666666664,-1690.6546881238974,-1405.9004865610905,-284.7542015628069,20.869565217391298,1280.7142857142858,-81.44060185214836,85184.5,-681008,51663.05,9024.0,16.62919691888107
2025-05-08,35495.0,37320.0,34375.0,36950.0,455041,67502,36689.0,37614.5,39129.75,42297.666666666664,-1648.0913875399783,-1454.338666756868,-193.75272078311036,33.50443303779747,1386.4285714285713,-71.44372524822525,106771.3,-225967,53468.05,4212.0,6.655079791436247
2025-05-09,37420.0,38175.0,36820.0,37830.0,443819,67256,36791.0,37595.5,38901.0,42187.583333333336,-1525.7629738341711,-1468.6235281723286,-57.1394456618425,39.2967032967033,1390.7142857142858,-33.96849798601042,126260.55,217852,55031.0,-246.0,-0.36443364641047804
2025-05-12,38100.0,38640.0,37200.0,38450.0,322808,69417,37032.0,37527.0,38711.25,42097.25,-1363.075322368546,-1447.5138870115723,84.43856464302621,45.568487018800354,1397.857142857143,-17.841621119560894,140848.4,540660,56702.7,2161.0,3.2130962293327014
2025-05-13,38230.0,39340.0,37820.0,38270.0,321982,52252,37404.0,37416.5,38515.25,42003.166666666664,-1234.438839626324,-1404.8988775345226,170.46003790819873,53.43832020997376,1360.0,-2.39392087982507,155866.75,218678,57492.4,-17165.0,-24.727372257516166
2025-05-14,38540.0,38870.0,37420.0,38420.0,236082,44692,37984.0,37419.5,38344.5,41913.333333333336,-1107.6217794764161,-1345.4434579229014,237.8216784464853,50.0,1351.0714285714287,-4.9260704114835185,166319.45,454760,57874.0,-7560.0,-14.468345709255148
2025-05-15,38100.0,38475.0,37750.0,37920.0,136753,37985,38178.0,37433.5,38163.0,41809.5,-1035.5272533820316,-1283.4602170147277,247.9329636326961,49.44258639910814,1340.7142857142858,-6.099198004269131,172004.95,318007,57766.25,-6707.0,-15.007160118141949
2025-05-16,37450.0,37620.0,36530.0,36850.0,145842,32702,37982.0,37386.5,37981.25,41685.833333333336,-1052.598183041613,-1237.2878102201048,184.68962717849172,37.19887955182073,1346.7857142857142,-46.850207418129216,176044.05,172165,56929.4,-5283.0,-13.908121626958014
2025-05-19,36900.0,37380.0,36650.0,37150.0,72986,28688,37722.0,37377.0,37825.5,41569.0,-1030.0457982103399,-1195.8394078181518,165.79360960781196,37.618252643294376,1303.2142857142858,-41.06863866200318,175987.45,245151,55658.2,-4014.0,-12.274478625160546
2025-05-20,36020.0,36180.0,34960.0,35625.0,165519,70536,37193.0,37298.5,37634.75,41428.416666666664,-1122.2905588330104,-1181.1296380211236,58.839079188113146,35.48556430446193,1385.7142857142858,-105.2673463079201,181043.9,79632,56374.1,41848.0,145.87283881762409
2025-05-21,35630.0,36115.0,35295.0,35860.0,157225,73488,36681.0,37332.5,37547.0,41296.666666666664,-1163.0260201888595,-1177.5089144546707,14.482894265811183,39.50819672131148,1389.642857142857,-83.79384506391604,178831.65,236857,56917.1,2952.0,4.185096971759106
2025-05-22,35600.0,36090.0,35300.0,36080.0,126262,77294,36313.0,37245.5,37430.0,41167.583333333336,-1164.1375523600873,-1174.834642035754,10.697089675666803,43.041526374859714,1378.9285714285713,-71.44493705923519,177181.6,363119,57460.3,3806.0,5.179076856085341
2025-05-23,36100.0,36775.0,35950.0,36090.0,169222,74429,36161.0,37071.5,37333.5,41037.416666666664,-1150.9441652878595,-1170.0565466861751,19.11238139831562,43.470887507066145,1348.2142857142858,-46.498522197358774,179188.35,532341,57869.7,-2865.0,-3.706626646311484
2025-05-26,36120.0,36180.0,34845.0,34885.0,158450,78351,35708.0,36715.0,37121.0,40888.25,-1223.616649316311,-1180.7685672122025,-42.84808210410847,41.72544763971785,1370.357142857143,-79.86779590897335,182628.85,373891,58737.7,3922.0,5.269451423504279
2025-05-27,34500.0,35455.0,34455.0,35290.0,191734,80800,35641.0,36417.0,36916.75,40734.5,-1234.3017390899768,-1191.4752015877575,-42.82653750221925,48.68270332187858,1322.5,-82.69372328047501,186864.85,565625,59827.7,2449.0,3.1256780385700234
2025-05-28,35360.0,35595.0,34585.0,35100.0,153272,79868,35489.0,36085.0,36752.25,40577.0,-1243.7638266438225,-1201.9329265989707,-41.83090004485189,37.650200267022704,1184.2857142857142,-74.23422768614863,189751.95,412353,61019.1,-932.0,-1.1534653465346545
2025-05-29,35130.0,35445.0,34710.0,35280.0,145339,78271,35329.0,35821.0,36627.25,40427.25,-1222.64422200204,-1206.0751856795846,-16.569036322455304,31.222385861561108,1140.0,-64.70079241358228,192975.8,557692,62178.05,-1597.0,-1.9995492562728479
2025-05-30,35005.0,35675.0,34800.0,35600.0,150575,77400,35231.0,35696.0,36541.25,40280.75,-1166.637190194342,-1198.1875865825361,31.55039638819403,28.043143297380595,1099.642857142857,-50.03023323226526,194654.65,708267,63137.65,-871.0,-1.1128003986150659
2025-06-03,35605.0,35605.0,34270.0,34360.0,144680,71600,35126.0,35417.0,36397.0,40118.416666666664,-1208.3794052715675,-1200.2259503203425,-8.153454951225058,24.105960264900673,1086.4285714285713,-68.28142046929761,195660.0,563587,64004.35,-5800.0,-7.493540051679581
2025-06-04,34300.0,35340.0,33840.0,35055.0,262747,67873,35079.0,35360.0,36329.25,39971.416666666664,-1171.871119018433,-1194.5549840599606,22.683865041527497,29.215565163681276,1090.0,-61.57358651322638,204775.2,826334,64684.7,-3727.0,-5.205307262569836
2025-06-05,34810.0,34910.0,34370.0,34540.0,127429,65802,34967.0,35228.0,36280.25,39807.083333333336,-1170.9957252985405,-1189.8431323076766,18.847407009136077,29.16152897657213,1087.142857142857,-61.54256592162358,204388.35,698905,64810.3,-2071.0,-3.0512869624151007
2025-06-06,35000.0,35335.0,34470.0,34740.0,134443,65179,34859.0,35094.0,36169.75,39652.5,-1141.0107789333997,-1180.0766616328212,39.065882699421536,35.428176795580114,1049.642857142857,-48.35637583909328,188358.45,833348,64694.15,-623.0,-0.9467797331388139
2025-06-09,34620.0,34700.0,33985.0,34105.0,123726,64383,34560.0,34895.5,35983.5,39490.083333333336,-1155.1705984030632,-1175.0954489868695,19.924850583806347,29.900990099009903,1051.4285714285713,-63.18171052357249,172353.8,709622,64550.5,-796.0,-1.2212522438208584
2025-06-10,34000.0,34375.0,33640.0,33955.0,107030,62708,34479.0,34802.5,35758.75,39320.166666666664,-1165.065948718002,-1173.089548933096,8.02360021509412,36.53225806451613,947.5,-67.03747971742908,161564.9,602592,64215.05,-1675.0,-2.6016184396502218
2025-06-11,33980.0,34355.0,33795.0,34255.0,79861,60199,34319.0,34699.0,35558.0,39156.916666666664,-1135.609987298456,-1165.593636606168,29.983649307712085,37.19074221867518,928.9285714285714,-58.502558568613196,149458.85,682453,64612.4,-2509.0,-4.00108439114627
2025-06-12,34060.0,34220.0,33570.0,33585.0,65591,61698,34128.0,34547.5,35316.25,38981.333333333336,-1153.0378239378551,-1163.0824740725056,10.04465013465051,31.422189128816086,921.4285714285714,-70.18543164875165,140934.3,616862,65462.7,1499.0,2.490074585956581
2025-06-13,33560.0,34000.0,33355.0,33695.0,82151,56863,33919.0,34389.0,35105.0,38813.416666666664,-1144.7771509466402,-1159.4214094473327,14.644258500692558,32.42846661775495,908.5714285714286,-75.02726178919414,138204.2,699013,66406.6,-4835.0,-7.836558721514475
2025-06-16,33765.0,34330.0,33640.0,34320.0,62835,51277,33962.0,34261.0,34978.5,38665.083333333336,-1075.401670387182,-1142.6174616353028,67.2157912481207,45.4691259021652,862.5,-50.21587904215507,134053.85,761848,67335.35,-5586.0,-9.823611135536293
2025-06-17,34230.0,34275.0,33910.0,34010.0,45805,43443,33973.0,34226.0,34821.5,38513.916666666664,-1033.521716440162,-1120.7983125962746,87.27659615611265,39.57654723127037,820.3571428571429,-51.156061959757295,132694.8,716043,68073.1,-7834.0,-15.277804863779087
2025-06-18,33960.0,34330.0,33070.0,33370.0,94724,30435,33796.0,34057.5,34708.75,38343.25,-1039.9858925051522,-1104.6358285780502,64.64993607289807,36.874051593323216,838.2142857142857,-74.07407281894004,129155.05,621319,66068.05,-13008.0,-29.942683516331748
2025-06-19,33000.0,33340.0,32680.0,32720.0,57380,27613,33623.0,33875.5,34551.75,38160.333333333336,-1085.0505786813665,-1100.7187785987135,15.66819991734701,31.869688385269114,835.0,-101.28461619987348,124162.8,563939,63774.3,-2822.0,-9.272219484146538
2025-06-20,32790.0,32830.0,31630.0,31700.0,88116,26157,33224.0,33571.5,34332.75,37963.416666666664,-1189.3599415979916,-1118.447011198569,-70.91293039942252,24.87113402061857,858.2142857142857,-123.73286789796542,122255.5,475823,61217.45,-1456.0,-5.2728787165465585
2025-06-23,31200.0,31385.0,30605.0,30615.0,88450,78183,32483.0,33222.5,34059.0,37746.333333333336,-1344.0825485372552,-1163.5741186663063,-180.50842987094893,25.378040762656155,841.0714285714286,-143.68641193618066,118216.9,387373,61405.15,52026.0,198.89895630232823
2025-06-24,30615.0,31650.0,30440.0,31085.0,171969,72286,31898.0,32935.5,33869.0,37534.5,-1412.4939066972147,-1213.358076272488,-199.1358304247267,23.102981029810294,820.3571428571429,-110.83210465029711,118892.85,559342,61101.9,-5897.0,-7.5425604031566955
2025-06-25,31000.0,31125.0,30400.0,30625.0,146141,80107,31349.0,32572.5,33635.75,37317.583333333336,-1486.6909091678717,-1268.0246428515647,-218.66626631630697,23.276450511945384,823.2142857142857,-103.40290289087258,116613.2,413201,61067.25,7821.0,10.819522452480435
2025-06-26,30745.0,31800.0,30700.0,31715.0,225035,77132,31148.0,32385.5,33466.5,37116.833333333336,-1440.9285503153296,-1302.6054243443177,-138.3231259710119,31.588557516737666,845.3571428571429,-70.76267608435977,120201.35,638236,60930.45,-2975.0,-3.71378281548429
2025-06-27,32000.0,33585.0,31350.0,33315.0,294743,69062,31471.0,32347.5,33368.25,36944.583333333336,-1261.018684544084,-1294.288076384271,33.269391840187154,45.69716775599129,951.0714285714286,-22.02517303506132,127671.55,932979,60470.0,-8070.0,-10.462583622880262
2025-06-30,33295.0,34120.0,32840.0,33535.0,421176,66333,32055.0,32269.0,33265.0,36779.166666666664,-1088.1432206544268,-1253.0591052383024,164.9158845838756,47.729729729729726,990.0,7.597091963937546,141201.6,1354155,59916.65,-2729.0,-3.951521820972459
2025-07-01,33470.0,33500.0,32355.0,32700.0,261490,61196,32378.0,32138.0,33182.0,36598.166666666664,-1006.9086752063522,-1203.8290192319125,196.92034402556033,42.05416453755748,1034.2857142857142,-13.039015327526174,147042.1,1092665,59396.45,-5137.0,-7.744260021407145
2025-07-02,33350.0,35050.0,33035.0,35050.0,411586,95005,33263.0,32306.0,33181.75,36454.333333333336,-744.3242458643363,-1111.9280645583972,367.6038186940609,56.38901003052769,1153.2142857142858,46.08575201132048,154484.05,1504251,60753.05,33809.0,55.24707497222041
2025-07-03,35700.0,35900.0,34780.0,35050.0,482063,76908,33930.0,32539.0,33207.25,36311.0,-530.1133767688661,-995.5651270004911,465.45175023162494,55.96653456627036,1187.142857142857,75.53756057675446,172215.75,1504251,61308.35,-18097.0,-19.048471133098253
2025-07-04,35880.0,36295.0,34910.0,35510.0,516583,77334,34369.0,32920.0,33245.75,36181.75,-319.54801349727495,-860.3617042998479,540.813690802573,55.31724754244861,1236.7857142857142,83.00331250700643,191322.75,2020834,61916.1,426.0,0.5539085660789533
2025-07-07,35100.0,36525.0,35050.0,36515.0,440264,105230,34965.0,33510.0,33366.25,36083.583333333336,-70.76263756087428,-702.4418909520532,631.6792533911789,60.53849389987379,1312.857142857143,88.72178753998607,207149.65,2461098,63958.45,27896.0,36.07210282669977
2025-07-08,36505.0,38385.0,36180.0,38385.0,634366,110547,36102.0,34240.0,33587.75,36019.25,274.13488076606154,-507.12653660843034,781.2614173744919,69.11932901258102,1380.357142857143,114.97087767310491,233516.45,3095464,66350.4,5317.0,5.052741613608291
2025-07-09,38480.0,40045.0,38230.0,39270.0,794464,97187,36946.0,35104.5,33838.5,35970.583333333336,611.8279805291459,-283.3356331809151,895.163613710061,74.53183520599251,1460.7142857142858,123.10585161366181,269246.6,3889928,68199.8,-13360.0,-12.085357359313232
2025-07-10,39500.0,41660.0,38760.0,41345.0,1014567,98601,38205.0,36067.5,34226.5,35962.416666666664,1034.9570133289599,-19.67710387894013,1054.6341172079,83.4779590419993,1582.142857142857,121.08716481876854,316695.4,4904495,70044.95,1414.0,1.4549270993034158
2025-07-11,41360.0,42265.0,40520.0,41330.0,878217,85925,39369.0,36869.0,34608.25,35958.75,1353.477400698277,254.95379703650335,1098.5236036617737,90.17622797150356,1628.5714285714287,110.03229354408708,356498.7,4026278,71498.05,-12676.0,-12.855853388910866
2025-07-14,41290.0,42090.0,40780.0,41765.0,470329,78328,40419.0,37692.0,34980.5,35980.083333333336,1622.30702156372,528.4244419419467,1093.8825796217732,90.15037593984962,1635.7142857142858,95.48697788636956,376873.4,4496607,72850.6,-7597.0,-8.841431480942685
2025-07-15,41500.0,43250.0,41180.0,42470.0,565746,69821,41236.0,38669.0,35403.5,36016.833333333336,1870.680006326511,796.8755548188597,1073.8044515076513,93.72462163159838,1731.7857142857142,90.87632388162191,402870.45,5062353,74169.5,-8507.0,-10.860739454601164
2025-07-16,42360.0,43250.0,41865.0,42945.0,449860,71783,41971.0,39458.5,35882.25,36075.25,2081.8476723791173,1053.8699783309112,1027.977694048206,93.4261407579273,1746.7857142857142,83.2387759479479,420627.25,5512213,76236.9,1962.0,2.810042823792269
2025-07-17,43900.0,45715.0,43465.0,45700.0,410795,70964,42842.0,40523.5,36531.25,36210.0,2443.339744957324,1331.7639316561938,1111.5758133011302,93.96521121760739,1785.0,93.81893737764369,438298.0,5923008,78404.45,-819.0,-1.1409386623573825
2025-07-18,45105.0,45855.0,42920.0,43850.0,1045074,155539,43346.0,41357.5,37138.75,36300.5,2551.1373545846,1575.638616241875,975.4987383427249,82.81896277441935,1903.2142857142858,75.68660209759543,486145.9,4877934,84873.55,84575.0,119.18014768051405
2025-07-21,45280.0,45850.0,44065.0,45660.0,621314,172057,44125.0,42272.0,37891.0,36427.833333333336,2750.908845265978,1810.6926620466957,940.2161832192824,88.82564409826243,1961.7857142857142,76.66281628988833,512789.1,5499248,89567.25,16518.0,10.619844540597544
2025-07-22,45880.0,49105.0,45725.0,49105.0,757482,192179,45452.0,43344.0,38792.0,36594.0,3150.89039670847,2078.7322089790505,1072.1581877294193,89.51363508574642,2040.0,91.67907131202759,542064.75,6256730,95561.9,20122.0,11.694961553438677
2025-07-23,50905.0,53165.0,48500.0,50080.0,1246241,165641,46879.0,44425.0,39764.75,36772.416666666664,3506.1364510100393,2364.2130573852482,1141.923393624791,90.05863539445629,2293.214285714286,100.94568877643493,597069.75,7502971,99838.6,-26538.0,-13.80900098345813
2025-07-24,50025.0,55605.0,48610.0,53765.0,1123795,172564,48492.0,45667.0,40867.25,37028.666666666664,4038.4672747390796,2699.0639008560147,1339.403373883065,91.51694337047988,2693.9285714285716,102.81734794943907,642007.75,8626766,104610.2,6923.0,4.1795207708236415
2025-07-25,52820.0,54730.0,50565.0,51025.0,747961,155168,49927.0,46636.5,41752.75,37249.416666666664,4190.937666267651,2997.438653938342,1193.4990123293092,80.58600337268128,2886.0714285714284,86.44042738019604,664668.65,7878805,108915.5,-17396.0,-10.080897522078768
2025-07-28,48000.0,50700.0,47750.0,49405.0,581460,136295,50676.0,47400.5,42546.25,37450.833333333336,4133.403783091839,3224.631679769042,908.7721033227967,73.47677886663826,2962.5,57.61556560135101,672682.85,7297345,112413.6,-18873.0,-12.16294596824088
2025-07-29,49500.0,51800.0,48640.0,50805.0,546037,140638,51016.0,48234.0,43451.5,37676.833333333336,4152.9039739587315,3410.2861386069803,742.6178353517512,74.04627892432771,3058.5714285714284,61.471744632994415,686910.2,7843382,116385.7,4343.0,3.1864705234968316
2025-07-30,51800.0,54770.0,51570.0,54705.0,565243,164490,51941.0,49410.0,44434.25,37981.75,4431.966471373438,3614.622205160272,817.3442662131661,75.881441301821,3134.6428571428573,80.24615487161411,694593.05,8408625,119859.95,23852.0,16.959854377906392
2025-07-31,52500.0,52800.0,48510.0,49130.0,565838,126989,51014.0,49753.0,45138.25,38208.583333333336,4155.369095030277,3722.7715831342734,432.59751189600365,62.43226012113484,3452.5,46.0978417423874,698781.8,7842787,122364.0,-37501.0,-22.798346404036717
2025-08-01,50300.0,51150.0,48005.0,49200.0,383215,110762,50649.0,50288.0,45822.75,38412.75,3896.891160914922,3757.5954986904035,139.2956622245183,61.99000161264313,3583.5714285714284,36.19707073644634,692113.4,8226002,124035.4,-16227.0,-12.778272133806867
2025-08-04,48500.0,48870.0,47500.0,48720.0,175335,98033,50512.0,50594.0,46433.0,38594.25,3611.6803446032864,3728.4124678729804,-116.73212326969406,60.152696556205335,3557.1428571428573,22.14399423317837,678866.95,8050667,123675.55,-12729.0,-11.492208519167225
2025-08-05,48615.0,51390.0,48420.0,50330.0,433130,127587,50417.0,50716.5,47030.25,38792.25,3475.498874904966,3677.829749279378,-202.3308743744119,61.56979476735078,3670.3571428571427,35.90116707781574,668805.15,8483797,124527.55,29554.0,30.14699131924965
2025-08-06,50300.0,52285.0,50085.0,51345.0,420201,138396,49745.0,50843.0,47634.0,39010.166666666664,3410.1658274216024,3624.296964907823,-214.13113748622072,59.35376967688484,3629.6428571428573,45.35861787474069,650092.0,8903998,126588.0,10809.0,8.471866255966521
2025-08-07,51290.0,51715.0,49700.0,50110.0,400810,136324,49941.0,50477.5,48072.25,39205.0,3221.5981597076025,3543.7572038677795,-322.159044160177,60.588633288227335,3563.9285714285716,32.88442670650675,619404.15,8503188,128474.15,-2072.0,-1.4971530969103197
2025-08-08,50290.0,50875.0,49020.0,50790.0,434972,137596,50259.0,50454.0,48545.25,39419.5,3091.3916034108115,3453.284083776386,-361.89248036557456,59.02215969046782,3553.5714285714284,25.54992539244911,597241.9,8938160,131057.7,1272.0,0.9330712126991658
2025-08-11,50600.0,53350.0,49800.0,52985.0,592822,139739,51112.0,50812.0,49106.25,39688.416666666664,3129.248100860197,3388.4768871931487,-259.2287863329516,57.13760117733628,3561.0714285714284,47.23368712650464,603366.55,9530982,134128.25,2143.0,1.5574580656414483
2025-08-12,52800.0,53400.0,51300.0,51800.0,481809,136055,51406.0,50911.5,49572.75,39932.583333333336,3028.716888310737,3316.5248874166664,-287.8079991059294,53.13983205549471,3377.8571428571427,45.99294869814459,599169.7,9049173,137439.95,-3684.0,-2.6363434688955856
2025-08-13,51500.0,52950.0,51050.0,51290.0,395645,132463,51395.0,50570.0,49990.0,40193.666666666664,2874.7540649365474,3228.170722920643,-353.41665798409576,44.889531282263064,3013.9285714285716,36.741617549293984,596458.95,8653528,140473.95,-3592.0,-2.6401087795376865
2025-08-14,51385.0,51760.0,49300.0,50430.0,415544,127757,51459.0,50700.0,50226.5,40436.5,2652.7632025785715,3113.089218852229,-460.3260162736574,48.668009850011195,2892.1428571428573,7.89081378863413,596696.4,8237984,143313.6,-4706.0,-3.552690185183782
2025-08-15,50505.0,52920.0,49470.0,52740.0,619561,138723,51849.0,51054.0,50671.0,40714.166666666664,2632.8813223541947,3017.047639552622,-384.16631719842735,57.24212812160695,2904.6428571428573,31.838909898667733,575420.75,8857545,142472.8,10966.0,8.58348270544862
2025-08-18,52810.0,53500.0,51700.0,52280.0,425548,135517,51708.0,51410.0,51002.0,40984.0,2550.6048484193743,2923.7590813259726,-373.1542329065983,53.339370613538605,2807.5,55.097641162601434,565632.45,8431997,140645.8,-3206.0,-2.311080354375261
2025-08-19,52275.0,53300.0,51020.0,52260.0,580607,137977,51800.0,51603.0,51159.75,41273.583333333336,2455.4810600269193,2830.1034770661618,-374.62241703924246,43.284811864872296,2687.1428571428573,41.750420325393485,556788.7,7851390,137935.7,2460.0,1.8152704088785887
2025-08-20,51700.0,52120.0,49370.0,51875.0,704931,150086,51917.0,51656.0,51249.5,41550.0,2322.258934533951,2728.53456855972,-406.2756340257688,60.545524394928925,2451.0714285714284,0.5861583969013324,529723.2,7146459,137157.95,12109.0,8.776100364553518
2025-08-21,52200.0,52800.0,51145.0,51530.0,447553,149610,52137.0,51798.0,51137.75,41823.833333333336,2163.896768583225,2615.607008564421,-451.7102399811961,58.76598946576373,2344.6428571428573,29.47296405641903,495911.1,6698906,136010.25,-476.0,-0.31715149980677815
2025-08-22,51880.0,51980.0,50520.0,51405.0,445445,142397,51870.0,51859.5,51156.75,42092.583333333336,2005.1925443359796,2493.524115718733,-488.3315713827533,60.378817162736766,2327.5,10.940579579122767,480785.3,6253461,135371.7,-7213.0,-4.821201791324114
2025-08-25,52320.0,52940.0,51400.0,51580.0,360522,136801,51730.0,51719.0,51265.5,42358.916666666664,1871.9605447766226,2369.211401530311,-497.25085675368837,55.434782608695656,2225.3571428571427,33.50574213384624,469738.4,6613983,135397.0,-5596.0,-3.9298580728526544
2025-08-26,51480.0,51680.0,50820.0,50985.0,265820,137478,51475.0,51637.5,51274.5,42636.0,1698.7792283722665,2235.124966898702,-536.3457385264355,48.375451263537904,2129.6428571428573,-1.4196732518777113,455727.55,6348163,135239.0,677.0,0.49487942339603297
2025-08-27,50915.0,51070.0,48540.0,48690.0,502410,6880,50838.0,51377.5,50973.75,42863.25,1360.6596302962425,2060.2318995782102,-699.5722692819677,44.15156507413509,2166.4285714285716,-69.63536580313136,452585.9,5845753,127358.5,-130598.0,-94.99556292643186
2025-08-28,49220.0,49800.0,48355.0,49665.0,376304,143912,50465.0,51301.0,51000.5,43115.333333333336,1158.0227984099329,1879.790079344555,-721.767280934622,45.476477683956574,2137.1428571428573,-71.60972770819423,443109.2,6222057,128204.65,137032.0,1991.744186046512
2025-08-29,49400.0,50080.0,48800.0,49555.0,353059,6880,50095.0,50982.5,51018.25,43362.25,977.2899780043081,1699.2900590765057,-722.0000810721976,33.429951690821255,1975.0,-62.95407199411822,441601.4,5868998,123010.55,-137032.0,-95.21930068375119
2025-09-01,49265.0,52420.0,48220.0,52285.0,536098,6880,50236.0,50983.0,51196.5,43665.25,1042.3307599884574,1567.898199258896,-525.5674392704386,52.03867171080286,2125.0,-4.877254541552904,459639.55,6405096,118452.9,0.0,0.0
2025-09-02,52360.0,52890.0,51120.0,51875.0,530778,145855,50414.0,50944.5,51273.75,43963.916666666664,1048.7036716855728,1464.0592937442316,-415.3556220586588,52.47986434930055,2115.714285714286,40.55647526590775,464521.95,5874318,119366.3,138975.0,2019.985465116279
2025-09-03,52000.0,52375.0,51255.0,52160.0,362759,6870,51108.0,50973.0,51314.5,44262.333333333336,1064.4806974119638,1384.143574477778,-319.6628770658142,57.70944741532977,2020.0,36.622300648515285,461649.85,6237077,112790.0,-138985.0,-95.28984265194886
2025-09-04,51700.0,52405.0,51600.0,52195.0,268080,6870,51614.0,51039.5,51418.75,44572.5,1067.5028036373478,1320.815420309692,-253.31261667234412,46.953605366126325,1831.0714285714287,39.42569272849457,455013.35,6505157,106317.3,0.0,0.0
2025-09-05,52350.0,56735.0,52350.0,56735.0,665242,6870,53050.0,51572.5,51716.0,44956.5,1419.8705187297455,1340.6264399937027,79.24407873604287,67.10172744721689,2026.7857142857142,143.0602061104248,466526.85,7170399,99781.0,0.0,0.0
2025-09-08,56080.0,56480.0,54520.0,55710.0,456880,6870,53735.0,51985.5,51852.25,45313.0,1597.9948480046514,1392.1001215958925,205.89472640875897,62.295081967213115,2022.142857142857,121.59815057762229,459729.75,6713519,93137.55,0.0,0.0
2025-09-09,55555.0,56790.0,53300.0,53520.0,584927,142980,54064.0,52239.0,51938.25,45638.166666666664,1544.6393242399208,1422.6079621246981,122.03136211522269,55.19419008525419,2065.0,79.3366842179682,464885.65,6128592,93483.8,136110.0,1981.2227074235807
2025-09-10,52400.0,53400.0,51800.0,52885.0,411979,137072,54209.0,52658.5,52018.0,45963.416666666664,1434.5785654585416,1425.0020827914668,9.576482667074742,54.201550387596896,2069.6428571428573,23.90026539208252,465702.35,5716613,93714.25,-5908.0,-4.1320464400615435
2025-09-11,53200.0,53870.0,52530.0,53710.0,278296,7690,54512.0,53063.0,52182.0,46313.25,1397.8121183738913,1419.5640899079517,-21.75197153406043,56.849925705794945,2061.0714285714284,39.38278764548844,458839.95,5994909,87710.9,-129382.0,-94.38980973502976
2025-09-12,53520.0,54560.0,53000.0,53610.0,356808,7820,53887.0,53468.5,52225.5,46678.416666666664,1345.0998066309403,1404.6712332525494,-59.571426621609135,56.05970149253732,2062.5,45.68507917101237,445702.3,5638101,81165.75,130.0,1.6905071521456483
2025-09-15,53630.0,54100.0,52720.0,53545.0,237981,7850,53454.0,53594.5,52288.75,47060.583333333336,1283.2870289789862,1380.394392397837,-97.10736341885081,57.89149198520345,2099.6428571428573,36.19087236569254,436323.95,5400120,74782.4,30.0,0.38363171355497716
2025-09-16,55600.0,55900.0,53500.0,53670.0,316394,7850,53484.0,53774.0,52359.25,47437.0,1230.2053709442262,1350.356588107115,-120.15121716288877,67.72241992882562,2090.3571428571427,56.37232857505451,423113.3,5716514,68276.05,0.0,0.0
2025-09-17,53665.0,53800.0,53020.0,53490.0,186238,7880,53605.0,53907.0,52440.0,47818.083333333336,1160.238768541567,1312.3330241940055,-152.0942556524385,64.42851754055073,2042.857142857143,28.389738636006296,397178.65,5530276,61165.75,30.0,0.3821656050955413
2025-09-18,53200.0,53745.0,52620.0,53205.0,198758,7880,53504.0,54008.0,52523.75,48176.25,1069.4644929435672,1263.759317943918,-194.29482500035078,63.58897989575578,2031.7857142857142,19.814358547131395,384738.9,5331518,54079.25,0.0,0.0
2025-09-19,53365.0,54100.0,51925.0,52700.0,329612,7900,53322.0,53604.5,52588.5,48499.333333333336,945.8725164158604,1200.1819576383066,-254.30944122244614,51.851851851851855,1887.142857142857,10.113414681057522,378947.25,5001906,47354.4,20.0,0.2538071065989911
2025-09-22,52925.0,53125.0,50880.0,50990.0,253135,123917,52811.0,53132.5,52559.0,48790.25,701.8517653879826,1100.5159191882417,-398.6641538002591,46.46141543382647,1921.0714285714287,-23.376905385801184,373577.9,4748771,46710.2,116017.0,1468.5696202531644
2025-09-23,50900.0,51050.0,49375.0,50260.0,296108,116091,52129.0,52806.5,52522.75,49082.916666666664,444.4354873417833,969.2998328189501,-524.8643454771668,42.664092664092664,1960.7142857142858,-59.6973097030175,375092.3,4452663,45640.85,-7826.0,-6.315517644875202
2025-09-24,50300.0,51630.0,49920.0,51380.0,242016,111187,51707.0,52656.0,52657.25,49355.083333333336,327.03600468629884,840.8470671924199,-513.8110625061211,47.09654435340221,2025.357142857143,-44.28331745789306,362072.6,4694679,50856.2,-4904.0,-4.224272338079615
2025-09-25,51480.0,51685.0,50840.0,51365.0,184786,105474,51339.0,52421.5,52742.25,49627.0,230.13286580025306,718.7042269139865,-488.5713611137335,21.766561514195587,1761.4285714285713,-41.50850787509283,352496.7,4509893,48934.3,-5713.0,-5.1381906158094015
2025-09-26,51100.0,51880.0,50540.0,51465.0,202601,101486,51092.0,52207.0,52837.75,49892.916666666664,159.56621435620036,606.8766244024293,-447.310410046229,25.276645311589974,1698.9285714285713,-48.52846419369046,344973.8,4712494,53664.6,-3988.0,-3.781026603712767
2025-09-29,50950.0,51530.0,50005.0,51280.0,158112,93768,51150.0,51980.5,52787.5,50139.0,87.70269867375464,503.04183925669446,-415.3391405829398,32.97872340425532,1558.5714285714287,-60.306807013127084,326074.5,4554382,58009.0,-7718.0,-7.604989850816857
2025-09-30,51425.0,51550.0,50185.0,51360.0,163314,87359,51370.0,51749.5,52761.75,50355.25,36.7816798493368,409.78980737522295,-373.00812752588615,37.34439834024896,1533.2142857142858,-54.205328944307546,307701.3,4717696,55084.2,-6409.0,-6.834954355430423
2025-10-09,51280.0,51550.0,49355.0,50765.0,201311,84987,51247.0,51477.0,52692.0,50546.833333333336,-50.997257176619314,317.63239446485454,-368.62965164147386,24.59016393442623,1594.2857142857142,-64.6767912739544,299628.9,4516385,58990.05,-2372.0,-2.7152325461600957
2025-10-10,50750.0,50930.0,48885.0,48965.0,203722,91009,50767.0,51053.0,52530.5,50673.833333333336,-262.77850690149353,201.55021419158496,-464.32872109307846,19.012675116744504,1628.9285714285713,-83.80329591686814,296411.0,4312663,63197.0,6022.0,7.0857895913492674
2025-10-13,48575.0,49825.0,47720.0,48740.0,246976,87665,50222.0,50657.0,52130.75,50797.333333333336,-443.6580785446131,72.50855564434536,-516.1666341889585,18.615284128020903,1680.7142857142858,-94.93313392394963,275497.7,4065687,67236.75,-3344.0,-3.674361876297949
2025-10-14,48695.0,50445.0,48275.0,49990.0,297703,81388,49964.0,50557.0,51844.75,50934.416666666664,-480.6018104183386,-38.11351756819142,-442.48829285014716,29.043280182232337,1664.2857142857142,-67.81997471825629,267538.85,4363390,70962.65,-6277.0,-7.160212171334058
2025-10-15,49975.0,51580.0,49780.0,50865.0,276176,80114,49865.0,50617.5,51712.0,51074.333333333336,-434.2688161835831,-117.34457729126977,-316.9242388923133,36.147757255936675,1737.142857142857,-29.637226504951272,252101.3,4639566,67819.35,-1274.0,-1.5653413279598904
2025-10-16,50690.0,52880.0,50520.0,52575.0,266129,78885,50227.0,50737.0,51696.5,51234.833333333336,-256.60884843631356,-145.19743152027854,-111.41141691603502,47.11009174311927,1825.357142857143,10.651917602927217,244808.8,4905695,64910.0,-1229.0,-1.5340639588586225
2025-10-17,52020.0,52925.0,51670.0,52340.0,194797,68227,50902.0,50834.5,51628.0,51345.5,-133.23868739858153,-142.80568269593914,9.566995297357607,48.30667920978363,1759.642857142857,23.057378279014983,240633.85,4710898,67936.85,-10658.0,-13.510806870761238
2025-10-20,52700.0,52700.0,50310.0,50340.0,150772,56806,51222.0,50722.0,51464.5,51453.666666666664,-194.6069237661941,-153.16593090999012,-41.44099285620396,47.023809523809526,1770.0,-12.14307240071596,230332.05,4560126,70386.15,-11421.0,-16.739707154059246
2025-10-21,50210.0,51125.0,49855.0,50715.0,121870,52237,51367.0,50665.5,51323.0,51537.916666666664,-210.55517819931265,-164.64378036785465,-45.911397831458004,52.15333648840511,1741.0714285714287,-27.312928147408158,224526.5,4681996,72605.5,-4569.0,-8.04316445445904
2025-10-22,50700.0,50835.0,49870.0,50310.0,100492,49016,51256.0,50560.5,51155.0,51558.0,-252.95845243382064,-182.30671478104784,-70.6517376527728,44.56852791878172,1687.857142857143,-32.475499709690986,213731.4,4581504,74663.8,-3221.0,-6.166127457549242
2025-10-23,50225.0,51195.0,50225.0,50760.0,86148,45407,50893.0,50560.0,51018.5,51569.333333333336,-247.4002376325443,-195.32541935134714,-52.07481828119717,47.05882352941176,1696.7857142857142,-12.14205435594043,208726.9,4667652,76540.15,-3609.0,-7.362901909580543
2025-10-24,52680.0,53030.0,52045.0,52305.0,169042,81555,50886.0,50894.0,50973.5,51545.0,-116.97827176109422,-179.6559898332966,62.67771807220237,53.58056265984654,1763.2142857142858,74.03275057353255,207241.1,4836694,80223.9,36148.0,79.60887087893937
2025-10-27,52510.0,54520.0,52425.0,54500.0,238898,105877,51718.0,51470.0,51063.5,51602.916666666664,161.6369809502794,-111.3973956765814,273.03437662686076,61.71761280931586,1812.5,125.3034718274029,202705.4,5075592,85122.75,24322.0,29.822818956532405
2025-10-28,54325.0,55090.0,54190.0,54355.0,208200,114932,52446.0,51906.5,51231.75,51685.416666666664,366.5163159127478,-15.814653358715546,382.33096927146335,60.847519014849695,1779.2857142857142,124.082536403893,200458.65,4867392,84673.5,9055.0,8.552376814605633
2025-10-29,54600.0,55880.0,54000.0,54990.0,307284,118430,53382.0,52319.0,51468.25,51755.166666666664,573.512759932768,102.05082929958117,471.4619306331868,65.25821596244131,1756.7857142857142,112.18699289634124,201017.45,5174676,84790.45,3498.0,3.0435387881529996
2025-10-30,54900.0,55455.0,54435.0,54950.0,223914,126052,54220.0,52556.5,51646.75,51759.25,725.9628199492217,226.8332274295093,499.12959251971245,74.76210177906495,1683.5714285714287,94.72937790703178,200112.35,4950762,85533.7,7622.0,6.435869289875873
2025-10-31,54970.0,56655.0,54970.0,56410.0,313999,142356,55041.0,52963.5,51899.0,51880.583333333336,953.5979060595637,372.1861631555202,581.4117429040434,78.79129129129129,1655.0,103.24027977808528,206573.0,5264761,87377.8,16304.0,12.934344556214894
2025-11-03,56320.0,56370.0,55275.0,56065.0,215288,143844,55354.0,53536.0,52129.0,51995.0,1093.5559033703976,516.4601111984957,577.0957921719018,74.46637132501007,1581.0714285714287,86.78438776231016,207207.35,5049473,89495.7,1488.0,1.0452667959200967
2025-11-04,56000.0,56095.0,53580.0,53715.0,274348,128876,55226.0,53836.0,52250.75,52078.25,1003.2830419658349,613.8246973519636,389.4583446138713,60.259179265658744,1632.142857142857,49.39613472304954,213019.15,4775125,91251.1,-14968.0,-10.405717304858042
2025-11-05,53500.0,53855.0,53045.0,53355.0,175236,125062,54899.0,54140.5,52350.5,52128.666666666664,892.405067452688,669.5407713721085,222.8642960805795,53.110047846889955,1521.4285714285713,23.786678298653207,213615.25,4599889,93136.25,-3814.0,-2.959433874421924
2025-11-06,53455.0,54400.0,53175.0,53395.0,256104,122244,54588.0,54404.0,52482.0,52162.833333333336,798.5558843731196,695.3437939723107,103.21209040080896,54.27298501417578,1519.2857142857142,25.88064181953119,216354.9,4855993,94999.1,-2818.0,-2.2532823719435213
2025-11-07,53000.0,53830.0,52080.0,53215.0,269434,125517,53949.0,54495.0,52694.5,52214.583333333336,701.5679958136461,696.5886343405778,4.979361473068366,63.657957244655584,1473.5714285714287,8.750525572782422,219640.5,4586559,96724.5,3273.0,2.6774320212034963
2025-11-10,53000.0,53985.0,52500.0,53720.0,218786,125974,53480.0,54417.0,52943.5,52263.416666666664,657.8701572463833,688.844938921739,-30.974781675355644,64.1013608634444,1488.9285714285713,12.976507009208063,218231.0,4805345,98639.95,457.0,0.3640941067743819
2025-11-11,53600.0,54565.0,51800.0,51930.0,324598,138468,53123.0,54174.5,53040.5,52245.833333333336,473.3448403375951,645.7449192049102,-172.40007886731507,56.72757475083056,1617.5,-8.289854350309493,219575.75,4480747,101493.95,12494.0,9.91791957070507
2025-11-12,51890.0,53550.0,51150.0,53460.0,413154,140617,53144.0,54021.5,53170.25,52273.5,445.43076195791946,605.682087755512,-160.25132579759259,60.289634146341456,1719.642857142857,-12.955927927764769,226424.65,4893901,104519.1,2149.0,1.551983129676171
2025-11-13,53500.0,54480.0,53160.0,54195.0,277916,144026,53304.0,53946.0,53251.25,52321.916666666664,477.11710212248,579.9690906289056,-102.85198850642564,57.67668562144598,1651.7857142857142,20.58679315563833,227014.0,5171817,107776.15,3409.0,2.4243156944039557
2025-11-14,54200.0,54770.0,53705.0,54045.0,270607,145191,53470.0,53709.5,53336.5,52382.166666666664,484.53953840955364,560.8831801850353,-76.34364177548161,47.78373112518266,1569.642857142857,24.675844925427686,230804.5,4901210,111624.35,1165.0,0.8088817296876938
2025-11-17,54060.0,54460.0,52595.0,52655.0,249766,136243,53257.0,53368.5,53452.25,52380.75,373.94982851014356,523.4965098500569,-149.54668133991333,42.61511728931364,1638.5714285714287,-6.8610533007357155,235754.2,4651444,115596.2,-8948.0,-6.162916434214239
2025-11-18,52000.0,52800.0,51670.0,52210.0,173704,137091,53313.0,53218.0,53527.0,52379.583333333336,247.5453568965313,468.3062792593518,-220.7609223628205,37.72084805653711,1585.0,-44.67399231632987,238345.9,4477740,119838.9,848.0,0.6224172985034082
2025-11-19,52300.0,54985.0,52300.0,54625.0,361538,134317,53546.0,53345.0,53742.75,52419.0,338.3390574055593,442.31283488859333,-103.97377748303404,48.813435560423514,1710.357142857143,9.948928363962132,251398.2,4839278,124103.95,-2774.0,-2.0234734592351034
2025-11-20,54500.0,55300.0,52160.0,52450.0,304835,134292,53197.0,53250.5,53827.25,52428.583333333336,232.11373378836288,400.27301466854726,-168.15928088018438,36.25954198473283,1812.857142857143,-25.85531755730175,262332.55,4534443,128548.2,-25.0,-0.01861268491702983
2025-11-21,52330.0,53570.0,51710.0,53360.0,343398,126266,53060.0,53265.0,53880.0,52459.083333333336,218.8361869795699,363.9856491307518,-145.14946215118192,40.968280467445744,1864.642857142857,-48.10068324722098,271050.35,4877841,130783.75,-8026.0,-5.976528758228339
2025-11-24,53600.0,53820.0,52735.0,53315.0,187876,128427,53192.0,53224.5,53820.75,52490.916666666664,202.3499473205011,331.6585087687017,-129.30856144820063,48.42146803472771,1762.5,-26.672647976178673,268499.25,4689965,131911.25,2161.0,1.7114662696212868
2025-11-25,53315.0,54795.0,53315.0,54730.0,235600,129077,53696.0,53504.5,53839.5,52543.416666666664,300.00488835888973,325.32778468673934,-25.322896327849605,55.009107468123865,1810.357142857143,21.90324773461835,269869.25,4925565,132618.5,650.0,0.5061241016297124
2025-11-26,54730.0,56580.0,54550.0,55895.0,330316,143043,53950.0,53748.0,53884.75,52625.25,466.0307836071006,353.4683844708116,112.562399136289,58.417508417508415,1867.857142857143,83.69781807368973,271020.85,5255881,133849.15,13966.0,10.81989820029905
2025-11-27,56195.0,57070.0,55110.0,55235.0,324070,141586,54507.0,53852.0,53899.0,52734.333333333336,538.1475871934963,390.4042250153486,147.74336217814772,56.58838878016961,1882.857142857143,83.07416875089565,276028.65,4931811,134625.85,-1457.0,-1.018574834140784
2025-11-28,55215.0,56450.0,55215.0,56425.0,181263,144759,55120.0,54090.0,53899.75,52847.0,683.4453952775075,449.0124590677804,234.43293620972707,58.44520761785826,1865.0,92.74411230662633,269391.85,5113074,134746.0,3173.0,2.2410407808681754
2025-12-01,57000.0,59200.0,56710.0,57705.0,338696,142133,55998.0,54595.0,53981.75,52982.833333333336,891.6024198985688,537.5304512339382,354.0719686646306,68.62302483069978,1865.7142857142858,139.64519324385788,275562.25,5451770,134660.45,-2626.0,-1.8140495582312677
2025-12-02,56505.0,57100.0,55750.0,56315.0,245798,129296,56315.0,55005.5,54111.75,53050.0,933.644505628472,616.7532621128449,316.891243515627,59.290595509274326,1833.9285714285713,77.15328889389136,274134.75,5205972,134681.45,-12837.0,-9.031681593999984
2025-12-03,56085.0,57580.0,55935.0,57430.0,182425,127738,56622.0,55286.0,54315.5,53142.583333333336,1044.8895072045707,702.3805111311901,342.50899607338056,60.27310257224516,1857.142857142857,84.20724856875559,274494.2,5388397,134815.25,-1558.0,-1.2049870065585888
2025-12-04,57270.0,57935.0,56480.0,56915.0,175576,116653,56958.0,55732.5,54491.5,53221.833333333336,1079.0570781578717,777.7158245365265,301.34125362134523,58.90751086281812,1885.0,77.45042872471049,270467.8,5212821,134535.7,-11085.0,-8.677918865177158
2025-12-05,56800.0,57000.0,55350.0,55510.0,159380,97991,56775.0,55947.5,54606.25,53277.083333333336,981.4498237405642,818.4626243773341,162.98719936323005,58.85271317829458,1869.642857142857,39.52735177973241,264965.1,5053441,133159.4,-18662.0,-15.997874036672865
2025-12-08,52780.0,54550.0,52750.0,54545.0,157970,79367,56143.0,56070.5,54647.5,53240.583333333336,816.8122332570274,818.1325461532729,-1.3203128962454684,57.01411835386002,1986.0714285714287,-20.03207591095777,261924.3,4895471,130829.05,-18624.0,-19.005827065750935
2025-12-09,54285.0,55825.0,54115.0,55610.0,158738,68874,56002.0,56158.5,54831.5,53238.916666666664,763.4715315020512,807.2003432230287,-43.72881172097743,53.22000653808434,1910.0,13.24531730368234,253631.3,5054209,127349.35,-10493.0,-13.220860055186668
2025-12-10,54925.0,56670.0,54115.0,54600.0,184575,108249,55436.0,56029.0,54888.5,53256.916666666664,632.4100525600807,772.242285090439,-139.8322325303584,57.60792639773531,1868.2142857142858,8.251995768188683,242202.35,4869634,125730.95,39375.0,57.16961407788135
2025-12-11,54700.0,56280.0,54325.0,55765.0,197180,117281,55206.0,56082.0,54967.0,53304.916666666664,615.4540784310811,740.8846437585676,-125.43056532748642,58.35940215502259,1875.0,16.403737708208233,238165.55,5066814,124393.7,9032.0,8.343726039039613
2025-12-12,56000.0,57635.0,54380.0,57190.0,314687,126436,55542.0,56158.5,55124.25,53362.916666666664,708.830975299461,734.4739100667463,-25.642934767285283,62.289882651443065,2030.0,42.52230027573767,240369.55,5381501,123455.95,9155.0,7.8060384887577605
2025-12-15,57000.0,58985.0,56320.0,58030.0,314139,142844,56239.0,56191.0,55393.0,53436.583333333336,840.920213868143,755.7631708270258,85.15704304111728,60.862409479921006,2114.6428571428573,76.42122835242611,243588.2,5695640,123786.0,16408.0,12.977316587047994
2025-12-16,60000.0,60080.0,58315.0,58600.0,276948,148018,56837.0,56419.5,55712.5,53520.833333333336,980.2958826741669,800.669713196454,179.6261694777129,59.266872216512496,2116.0714285714284,101.27040671500029,248750.4,5972588,124332.35,5174.0,3.6221332362577296
2025-12-17,58600.0,61985.0,58595.0,61595.0,373299,153468,58236.0,56836.0,56061.0,53652.916666666664,1317.2392598563965,903.9836225284425,413.255637327954,68.78322504430005,2218.214285714286,120.8670187954101,249338.45,6345887,125289.9,5450.0,3.681984623491741
2025-12-18,61500.0,61960.0,58960.0,59300.0,398819,139860,58943.0,57074.5,56403.5,53749.75,1383.1380395876913,999.8145059402924,383.3235336473989,57.97061269753258,2344.285714285714,91.18920302607565,254037.65,5947068,125568.3,-13608.0,-8.866995073891626
2025-12-19,59010.0,61400.0,58350.0,60245.0,278789,139187,59554.0,57548.0,56747.75,53867.083333333336,1494.3904961909793,1098.7297039904297,395.6607922005496,57.175141242937855,2363.9285714285716,81.04159739686558,250807.2,6225857,126214.35,-673.0,-0.4811954811954844
2025-12-22,60000.0,61150.0,58400.0,58845.0,213280,134949,59717.0,57978.0,57024.25,53969.5,1452.8430989862463,1169.552382989593,283.29071599665326,57.142857142857146,2420.714285714286,62.734345523870644,252077.4,6012577,126540.45,-4238.0,-3.0448245885032366
2025-12-23,58580.0,59715.0,58070.0,59225.0,153313,131603,59842.0,58339.5,57249.0,54106.75,1434.0484932106192,1222.4516050337984,211.5968881768208,55.28718703976436,2420.714285714286,46.53471845016863,247963.05,6165890,126666.75,-3346.0,-2.4794552015946714
2025-12-24,58000.0,58980.0,57025.0,58300.0,197440,127084,59183.0,58709.5,57369.25,54240.75,1329.1917679652106,1243.7996376200808,85.39213034512977,53.9833189531205,2473.9285714285716,20.413641947627315,241319.25,5968450,125868.8,-4519.0,-3.433812299111727
2025-12-25,57780.0,61050.0,57600.0,60760.0,124231,132126,59475.0,59209.0,57645.5,54397.083333333336,1428.1308947049547,1280.6658890370556,147.46500566789905,64.2353579175705,2602.5,58.36339136473657,231327.3,6092681,125395.8,5042.0,3.9674545969594854
2025-12-26,60000.0,60720.0,58000.0,58955.0,131090,119162,59217.0,59385.5,57772.0,54523.583333333336,1345.38370460413,1293.6094521504706,51.7742524536593,61.43672199170124,2602.5,39.4496683874011,228818.65,5961591,124115.95,-12964.0,-9.811846267956348
2025-12-29,59000.0,60000.0,55645.0,56500.0,69428,95631,58748.0,59232.5,57711.75,54607.5,1069.3808211393407,1248.7637259482447,-179.38290480890396,52.15287856797291,2791.4285714285716,-6.982565890556645,215355.25,5892163,121790.85,-23531.0,-19.7470670180091
2025-12-30,56500.0,58395.0,56000.0,57890.0,42713,83335,58481.0,59161.5,57790.5,54717.666666666664,951.8357606339996,1189.3781328853956,-237.54237225139605,57.8147268408551,2780.0,-7.198481989009787,205201.0,5934876,119492.8,-12296.0,-12.857755330384501
2025-12-31,57660.0,58190.0,56515.0,57920.0,23571,76368,58405.0,58794.0,57815.0,54827.0,851.2880834787138,1121.7601230040593,-270.4720395253455,55.41049460205875,2760.0,-5.014267394462454,197258.3,5958447,116924.3,-6967.0,-8.360232795344091
2026-01-05,58345.0,59200.0,57500.0,58645.0,17155,74571,57982.0,58728.5,57901.5,54958.333333333336,820.6448824769541,1061.5370748986384,-240.89219242168429,53.78610460577673,2648.9285714285716,16.733940962910562,189337.25,5975602,114820.2,-1797.0,-2.3530798240100514
2026-01-06,59150.0,60200.0,58830.0,59365.0,19919,72353,58064.0,58640.5,58094.25,55131.666666666664,844.7204955669949,1018.1737590323098,-173.45326346531488,53.495679497250585,2569.6428571428573,38.865658272826636,182364.2,5995521,113538.3,-2218.0,-2.9743465958616655
2026-01-07,59400.0,60000.0,58260.0,58300.0,20581,67800,58424.0,58586.0,58282.0,55291.0,768.9994460441885,968.3388964346856,-199.33945039049706,49.234303215926495,2547.5,18.891234813119443,175494.75,5974940,112959.95,-4553.0,-6.292759111577961
2026-01-08,57000.0,57300.0,53610.0,53610.0,39605,58049,57568.0,58024.5,58182.0,55351.333333333336,326.7792568619916,840.0269685201469,-513.2477116581553,31.242659149635898,2640.3571428571427,-98.84050252267546,169538.1,5935335,112418.7,-9751.0,-14.38200589970502
2026-01-09,50500.0,52495.0,50080.0,51300.0,46250,50943,56244.0,57324.5,58017.0,55358.583333333336,-207.68703673501295,630.4841674691149,-838.1712042041279,31.22065727699531,2678.214285714286,-152.1852064741836,162621.85,5889085,109553.4,-7106.0,-12.241382280487178
2026-01-12,52350.0,54730.0,49005.0,49995.0,42510,48830,54514.0,56248.0,57728.5,55315.583333333336,-728.1641951174606,358.75449495179987,-1086.9186900692605,26.338873499538323,2869.285714285714,-124.86986570926295,154888.35,5846575,106130.85,-2113.0,-4.147773001197419
2026-01-13,49655.0,51000.0,48145.0,49005.0,28379,48844,52442.0,55253.0,57319.25,55260.0,-1206.621636071024,45.67926874723506,-1252.3009048182591,26.84705882352941,2876.785714285714,-125.11727422089213,140572.95,5818196,102251.25,14.0,0.02867089903748621
2026-01-14,49960.0,50385.0,48000.0,48945.0,20942,48439,50571.0,54497.5,56865.0,55236.75,-1572.5171053529266,-277.9600060727973,-1294.5570992801293,25.441949354992843,2929.6428571428573,-106.22966404185537,125913.1,5797254,97531.0,-405.0,-0.8291704201130123
2026-01-15,48580.0,49600.0,48300.0,48670.0,12703,47798,49583.0,53575.5,56368.5,55202.666666666664,-1863.2042439030993,-595.0088536388578,-1268.1953902642415,26.257396449704146,2865.3571428571427,-93.14263828016922,112700.85,5784551,92520.0,-641.0,-1.3233138586676074
2026-01-16,48700.0,51330.0,48380.0,50200.0,21717,46220,49363.0,52803.5,55798.75,55200.833333333336,-1947.6661986771287,-865.540322646512,-1082.1258760306168,22.713178294573652,2829.6428571428573,-70.95477260314199,95121.75,5806268,87157.6,-1578.0,-3.301393363739069
2026-01-19,50200.0,51200.0,49105.0,50505.0,12235,44571,49465.0,51989.5,55359.0,55196.583333333336,-1967.3139843413737,-1085.8950549854844,-881.4189293558893,26.330532212885146,2782.1428571428573,-60.65018384319848,75792.55,5818503,82393.15,-1649.0,-3.5677196019039403
2026-01-20,50650.0,51030.0,49870.0,50700.0,10115,43632,49804.0,51123.0,54881.75,55169.833333333336,-1944.7324604675887,-1257.6625360819053,-687.0699243856834,31.39833226427197,2553.9285714285716,-52.108053387301766,62358.85,5828618,77615.4,-939.0,-2.1067510264521805
2026-01-21,50330.0,50840.0,48325.0,49700.0,15484,43920,49955.0,50263.0,54424.5,55089.833333333336,-1984.6502698488985,-1403.060082835304,-581.5901870135945,23.05921052631578,2562.5,-56.63941004804828,52469.05,5813134,73063.95,288.0,0.660066006600668
2026-01-22,48900.0,50710.0,48900.0,50515.0,10922,43318,50324.0,49953.5,53989.0,55025.833333333336,-1928.293564722022,-1508.1067792126478,-420.1867855093742,26.837660306537387,2572.1428571428573,-46.86931125493037,45349.5,5824056,68649.7,-602.0,-1.370673952641166
2026-01-23,49970.0,51325.0,49970.0,50720.0,13443,41291,50428.0,49895.5,53610.0,54954.666666666664,-1845.8113192269157,-1575.6476872155015,-270.16363201141417,24.377626899450362,2547.5,-35.59867253379934,36149.65,5837499,64360.05,-2027.0,-4.679348077011869
2026-01-26,50700.0,52580.0,50510.0,51280.0,13705,41290,50583.0,50024.0,53136.0,54893.5,-1715.4812258136444,-1603.6143949351303,-111.86683087851407,23.58706305129043,2584.285714285714,-22.671338683557583,30623.35,5851204,59818.25,-1.0,-0.002421835266763761
2026-01-27,51990.0,52900.0,50400.0,51900.0,11224,41439,50823.0,50313.5,52783.25,54818.333333333336,-1544.3624207085013,-1591.7640000898045,47.401579381303236,28.465679676985204,2638.5714285714284,-15.509072131046539,24630.05,5862428,55932.1,149.0,0.36086219423590027
2026-01-28,52635.0,52635.0,50600.0,50805.0,8361,41415,51044.0,50499.5,52498.5,54730.666666666664,-1480.0458364157676,-1569.4203673549973,89.37453093922977,37.54993342210386,2448.9285714285716,-17.258046741286766,21576.7,5854067,53221.3,-24.0,-0.057916455512918574
2026-01-29,51800.0,52495.0,49025.0,49335.0,15626,42745,50808.0,50566.0,52070.75,54657.666666666664,-1530.0536881930748,-1561.547031522613,31.49334332953822,40.57553956834533,2444.6428571428573,-28.076708783840257,20222.35,5838441,51191.8,1330.0,3.211396836894842
2026-01-30,49500.0,49525.0,47005.0,47140.0,19537,42513,50092.0,50260.0,51531.75,54554.083333333336,-1726.896834876803,-1594.616992193451,-132.27984268335194,37.38400353513036,2215.714285714286,-57.1367025844217,20020.65,5818904,49499.05,-232.0,-0.5427535384255444
2026-02-02,47250.0,48260.0,45450.0,47050.0,17789,40278,49246.0,49914.5,50952.0,54448.333333333336,-1868.6184246161647,-1649.4172786779939,-219.20114593817084,40.61449831973116,2212.5,-67.3741517717654,20052.35,5801115,47784.4,-2235.0,-5.2572154399830655
2026-02-03,47200.0,50995.0,47150.0,50000.0,18297,38411,48866.0,49844.5,50483.75,54394.75,-1723.0314259832812,-1664.1401081390513,-58.89131784422989,53.96467493423525,2323.9285714285716,-25.88608008351618,19971.25,5819412,46087.3,-1867.0,-4.63528477084264
2026-02-04,50040.0,51200.0,49100.0,51195.0,13013,39092,48944.0,49994.0,50128.5,54352.666666666664,-1494.004217071677,-1630.1129299255767,136.10871285389976,58.87521968365554,2381.0714285714284,7.1057521826398675,19592.85,5832425,44651.9,681.0,1.7729296295332153
2026-02-05,51500.0,51900.0,49000.0,49550.0,11483,38804,48987.0,49897.5,49925.5,54313.0,-1428.7663272740174,-1589.843609395265,161.07728212124766,47.733612273361224,2377.5,4.808746817812912,18186.75,5820942,43689.65,-288.0,-0.7367236263174037
2026-02-06,49150.0,50800.0,47675.0,49285.0,10683,37934,49416.0,49754.0,49824.75,54243.416666666664,-1382.511384244237,-1548.3771643650596,165.8657801208226,45.73426573426574,2451.0714285714284,-28.38821656466125,16408.4,5810259,43039.2,-870.0,-2.2420369034120147
2026-02-09,49500.0,50090.0,49155.0,49370.0,4706,38347,49880.0,49563.0,49793.5,54163.0,-1323.736014243761,-1503.4489343408,179.71292009703893,45.31360112755461,2435.0,-13.302478607478413,14518.2,5814965,42515.05,413.0,1.0887330626878189
2026-02-10,48815.0,49735.0,48500.0,48950.0,3991,38617,49670.0,49268.0,49790.75,54078.083333333336,-1296.1058979842055,-1461.980327069481,165.87442908527555,47.24467303453343,2343.5714285714284,-32.987028157176574,13298.8,5810974,42003.7,270.0,0.7040968002712145
2026-02-11,48125.0,49320.0,48125.0,49180.0,4793,38313,49267.0,49105.5,49802.5,54020.166666666664,-1241.34035506878,-1417.852332669341,176.51197760056107,44.87523992322456,2299.6428571428573,-40.19773733316208,12491.35,5815767,41497.4,-304.0,-0.7872180645829507
2026-02-12,48840.0,49345.0,48200.0,49015.0,4540,37702,49160.0,49073.5,49819.75,53966.916666666664,-1197.4489427553272,-1373.7716546865383,176.3227119312112,43.434732383519446,2284.6428571428573,-41.10942295620798,12083.2,5811227,40992.6,-611.0,-1.59475895910004
2026-02-13,48835.0,49305.0,48310.0,49305.0,3787,36844,49164.0,49290.0,49775.0,53878.25,-1126.2810391735038,-1324.2735315839313,197.99249241042753,42.2335823830122,2207.8571428571427,-33.4616491567087,11186.7,5815014,40523.8,-858.0,-2.2757413399819626
2026-02-24,48505.0,49320.0,46800.0,47000.0,8503,37729,48690.0,49285.0,49599.75,53787.416666666664,-1241.5622424735193,-1307.731273761849,66.16903128832973,32.986111111111114,2209.285714285714,-76.35478683994329,11000.1,5806511,40181.7,885.0,2.402019324720439
2026-02-25,47405.0,47795.0,47200.0,47630.0,5136,38292,48426.0,49048.0,49446.25,53691.916666666664,-1267.477005828543,-1299.680420175188,32.20341434664488,38.60782203085755,2120.714285714286,-73.26081965654066,10751.15,5811647,39914.7,563.0,1.4922208380821145
2026-02-26,47545.0,47780.0,46155.0,46315.0,8466,39925,47853.0,48560.0,49277.0,53575.25,-1378.236697849381,-1315.3916757100267,-62.84502213935434,39.04208998548621,1988.9285714285713,-88.72941271022768,10400.25,5803181,39714.95,1633.0,4.264598349524706
2026-02-27,46550.0,46720.0,45505.0,46495.0,9639,40197,47349.0,48254.5,49076.0,53438.0,-1434.9488588588865,-1339.3031123397986,-95.64574651908788,47.25881852953676,1895.7142857142858,-90.69189008742052,10336.1,5812820,39558.9,272.0,0.6812773951158313
2026-03-02,46670.0,47450.0,44105.0,44930.0,11716,40753,46474.0,47819.0,48786.5,53255.25,-1587.8720749334607,-1389.016904858531,-198.85517007492967,41.9939577039275,1933.9285714285713,-96.63587624455933,10249.75,5801104,39532.0,556.0,1.3831878000845732
2026-03-03,45100.0,45100.0,43320.0,43700.0,9256,39340,45814.0,47252.0,48407.5,53063.0,-1787.7079613174428,-1468.7551161503134,-318.95284516712945,22.65625,1779.2857142857142,-114.30603627562664,10027.3,5791848,39434.5,-1413.0,-3.467229406424066
2026-03-04,43380.0,43700.0,41640.0,42200.0,12436,37638,44728.0,46577.0,47922.5,52825.916666666664,-2043.5599183269078,-1583.7160765856324,-459.84384174127536,11.966173361522195,1776.4285714285713,-124.27906591725315,10087.9,5779412,39244.45,-1702.0,-4.326385358413831
2026-03-05,42000.0,44385.0,41980.0,42280.0,9962,36908,43921.0,45887.0,47496.25,52568.833333333336,-2214.3435322992664,-1709.8415677283592,-504.50196457090715,14.571150097465889,1741.0714285714287,-100.15017414312844,10167.95,5789374,39019.1,-730.0,-1.9395291992135633
2026-03-06,42385.0,42385.0,40545.0,41115.0,9065,36990,42845.0,45097.0,47085.25,52315.5,-2415.8481468667815,-1851.0428835560438,-564.8052633107377,13.39605734767025,1649.2857142857142,-109.28753604147319,9839.9,5780309,38731.35,82.0,0.22217405440554394
2026-03-09,41500.0,44950.0,41135.0,42700.0,19269,35210,42399.0,44436.5,46863.25,52070.0,-2419.752353187585,-1964.7847774823522,-454.9675757052328,23.65718799368088,1856.4285714285713,-70.93985301107804,9826.5,5799578,38366.2,-1780.0,-4.812111381454443
2026-03-10,42400.0,43600.0,42070.0,42450.0,6809,35013,42149.0,43981.5,46633.25,51828.916666666664,-2415.178698844189,-2054.8635617547197,-360.3151370894693,23.979183346677345,1877.5,-67.45276151277447,9277.5,5792769,38102.95,-197.0,-0.5595001420051093
2026-03-11,41710.0,43400.0,41710.0,42590.0,4663,34909,42227.0,43477.5,46262.75,51613.583333333336,-2372.903856280631,-2118.4716206599023,-254.43223562072853,23.42741935483872,1912.857142857143,-62.619513467586685,8595.8,5797432,37927.85,-104.0,-0.29703253077428826
2026-03-12,43100.0,43100.0,42200.0,42760.0,4644,34264,42323.0,43122.0,45841.0,51417.166666666664,-2299.1796479327677,-2154.6132261144753,-144.56642181829238,24.788391777509062,1895.357142857143,-55.23002812343569,8177.35,5802076,37686.45,-645.0,-1.847661061617345
2026-03-13,42915.0,44660.0,42040.0,42040.0,12877,34457,42508.0,42676.5,45465.5,51191.0,-2272.6529360028726,-2178.221168092155,-94.43176791071755,21.69848071679003,2011.4285714285713,-46.85590902321922,8247.05,5789199,37469.1,193.0,0.563273406490783
2026-03-16,42030.0,42700.0,41200.0,41705.0,5856,34647,42309.0,42354.0,45086.5,50976.083333333336,-2252.6943675563452,-2193.1158079849934,-59.57855957135189,25.63276576161988,1938.5714285714287,-58.72697717281785,8005.7,5783343,37304.75,190.0,0.5514119046928112
2026-03-17,42010.0,43220.0,41360.0,41670.0,8268,34098,42153.0,42151.0,44701.5,50741.166666666664,-2214.177604613258,-2197.328167310646,-16.849437302611932,20.98344693281402,2014.642857142857,-50.31968893061071,8183.8,5775075,37092.3,-549.0,-1.584552775132042
2026-03-18,41600.0,42180.0,40105.0,40105.0,8698,34578,41656.0,41941.5,44259.25,50456.416666666664,-2283.611165217808,-2214.5847668920787,-69.02639832572913,20.48479087452472,2046.7857142857142,-66.78705971893325,8419.15,5766377,36890.35,480.0,1.4077071969030408
2026-03-19,40000.0,40000.0,37520.0,38550.0,13502,32966,40814.0,41568.5,43727.75,50131.75,-2436.0322036946745,-2258.874254252598,-177.15794944207664,16.603614964270704,2144.6428571428573,-92.79216633999934,8854.6,5752875,36623.0,-1612.0,-4.661923766556775
2026-03-20,39000.0,39450.0,37580.0,37765.0,8590,33320,39959.0,41233.5,43165.25,49784.5,-2590.3104281002597,-2325.1614890221304,-265.1489390781294,17.768780926675674,2039.2857142857142,-90.00638760444801,9057.1,5744285,36403.9,354.0,1.073833646787592
2026-03-23,38180.0,38910.0,35095.0,35435.0,12786,32015,38705.0,40507.0,42471.75,49348.5,-2867.5334195507894,-2433.635875127862,-433.89754442292724,16.168645108473186,2184.6428571428573,-106.72951159853862,9507.05,5731499,36162.45,-1305.0,-3.916566626650664
2026-03-24,36000.0,36620.0,35100.0,35730.0,12132,32746,37517.0,39835.0,41908.25,48955.666666666664,-3028.5197129145818,-2552.612642685206,-475.9070702293757,20.61762034514078,2146.0714285714284,-102.47017102259557,9688.5,5743631,35913.3,731.0,2.2833047009214402
2026-03-25,36495.0,37600.0,35610.0,36750.0,12429,32820,36846.0,39251.0,41364.25,48564.083333333336,-3038.768008707695,-2649.843715889704,-388.92429281799105,26.861924686192467,2116.4285714285716,-81.06827277686503,10053.15,5756060,35639.7,74.0,0.22598179930373163
2026-03-26,36750.0,36955.0,35500.0,35540.0,8529,33451,36244.0,38529.0,40825.5,48175.666666666664,-3108.6916819506514,-2741.6133091018937,-367.0783728487577,26.761150479366407,2088.9285714285716,-82.74988436332607,10056.3,5747531,35316.0,631.0,1.9226081657525818
2026-03-27,34475.0,36385.0,34125.0,35680.0,14551,34180,35827.0,37893.0,40284.75,47783.25,-3116.88040962589,-2816.666729206693,-300.21368041919686,16.72985781990522,1976.4285714285713,-83.41553405080484,10301.9,5762082,35015.15,729.0,2.1793070461271657
2026-03-30,35160.0,37100.0,34850.0,36550.0,16531,34584,36050.0,37377.5,39865.75,47420.75,-3018.374365387106,-2857.0082564427757,-161.36610894433034,23.58997314234557,2027.857142857143,-65.13719041564504,10542.65,5778613,34706.7,404.0,1.1819777647747332
2026-03-31,36760.0,36880.0,35200.0,35200.0,10763,34456,35944.0,36730.5,39440.75,46994.75,-3014.492144226955,-2888.505033999612,-125.98711022734324,20.153473344103404,2027.142857142857,-64.91668951364997,10618.0,5767850,34462.5,-128.0,-0.37011334721258615
2026-04-01,35900.0,35960.0,34480.0,34720.0,10642,35040,35538.0,36192.0,39066.75,46590.833333333336,-3015.387929423683,-2913.881613084426,-101.50631633925695,18.32151300236407,2068.5714285714284,-68.24047057424475,10528.3,5757208,34332.6,584.0,1.6949152542372836
2026-04-02,35200.0,36135.0,34885.0,35245.0,15312,35188,35479.0,35861.5,38715.0,46236.583333333336,-2939.846018345059,-2919.074494136553,-20.77152420850598,22.809123649459778,1982.5,-56.441578931983514,10795.8,5772520,34246.6,148.0,0.42237442922374857
2026-04-03,35000.0,35000.0,33235.0,33770.0,31766,37538,35097.0,35462.0,38347.75,45834.583333333336,-2964.822059313723,-2928.224007171987,-36.598052141735934,20.902090209020912,2018.9285714285713,-70.14211931906274,11930.85,5740754,34274.0,2350.0,6.6784130953734255
2026-04-07,33700.0,33770.0,32255.0,32400.0,20737,39140,34267.0,35158.5,37832.75,45409.25,-3059.890785892436,-2954.557362916077,-105.33342297635863,19.038076152304612,1994.2857142857142,-78.71363028196481,12004.25,5720017,34470.5,1602.0,4.267675422238804
2026-04-08,32950.0,34430.0,32265.0,32700.0,33327,39473,33767.0,34855.5,37345.25,44976.833333333336,-3075.5726567345264,-2978.760421679767,-96.81223505475919,22.98431229478294,2000.7142857142858,-66.95234028446077,13330.15,5753344,34693.5,333.0,0.8507920286152215
2026-04-09,32760.0,32975.0,31455.0,31690.0,25217,37648,33161.0,34349.5,36800.25,44515.583333333336,-3133.3795623033,-3009.684249804474,-123.6953124988263,23.936170212765944,1924.642857142857,-75.14411209405114,14357.85,5728127,34830.45,-1825.0,-4.623413472500193
2026-04-10,31330.0,32500.0,31070.0,32125.0,29421,34814,32537.0,34008.0,36268.5,44079.333333333336,-3108.2609890332096,-3029.3995976502215,-78.86139138298813,27.985948477751762,1893.2142857142858,-70.89308838621346,15596.7,5757548,34857.95,-2834.0,-7.527624309392267
2026-04-13,32500.0,34770.0,31905.0,34770.0,59236,33169,32737.0,33917.0,35905.0,43765.333333333336,-2842.1622665106843,-2991.952131422314,149.7898649116296,47.46666666666667,1825.357142857143,-38.46983262948073,17914.65,5816784,34793.55,-1645.0,-4.725110587694603
2026-04-14,33595.0,35955.0,33400.0,34085.0,110353,30323,33074.0,33670.5,35524.0,43478.416666666664,-2655.934922465851,-2924.7486896310215,268.8137671651707,43.91416944136145,1899.2857142857142,-23.56139007175129,23139.5,5706431,34577.35,-2846.0,-8.58030088335494
2026-04-15,38000.0,39600.0,37955.0,39215.0,73177,35213,34377.0,34072.0,35401.25,43298.75,-2070.5324743114543,-2753.905446567108,683.3729722556536,56.99290780141844,2151.0714285714284,71.19595836054602,26384.95,5779608,34633.1,4890.0,16.12637272037727
2026-04-16,39300.0,40375.0,38940.0,39380.0,86237,41230,35915.0,34538.0,35365.0,43138.333333333336,-1575.1256277595894,-2518.1494828056043,943.0238550460149,61.58021712907117,2149.6428571428573,91.28528078739298,30261.9,5865845,34965.7,6017.0,17.087439297986528
2026-04-17,39700.0,40185.0,38635.0,39780.0,80446,42962,37446.0,34991.5,35426.5,42985.583333333336,-1137.1273790051637,-2241.9450620455164,1104.8176830403527,62.173396674584325,2098.9285714285716,86.86031618334681,33609.1,5946291,35465.5,1732.0,4.200824642250778
2026-04-20,41000.0,42955.0,39895.0,42955.0,113793,51449,39083.0,35910.0,35686.0,42890.333333333336,-527.7312880550598,-1899.1023072474252,1371.3710191923653,66.72760511882998,2165.0,117.43375261602897,38869.25,6060084,36371.95,8487.0,19.754666914948093
2026-04-21,43460.0,44350.0,42025.0,42675.0,231624,52864,40801.0,36937.5,36048.0,42764.916666666664,-66.60635881432245,-1532.6031175608045,1465.996758746482,70.6777316735823,2211.0714285714284,112.13995958603914,49811.15,5828460,37414.4,1415.0,2.750296410037123
2026-04-22,42550.0,45850.0,42205.0,45300.0,246095,56610,42018.0,38197.5,36526.5,42678.166666666664,504.8346126285833,-1125.115571522927,1629.9501841515103,76.162215628091,2365.714285714286,109.86165379705555,61509.3,6074555,38607.6,3746.0,7.086107748184012
2026-04-23,45590.0,46345.0,43345.0,43925.0,258728,62655,42927.0,39421.0,36885.25,42565.25,837.1050647547454,-732.6714442673926,1569.776509022138,70.59800664451828,2478.9285714285716,94.57177627453132,73824.25,5815827,40099.35,6045.0,10.678325384207742
2026-04-24,43800.0,43850.0,40655.0,40655.0,224572,65652,43102.0,40274.0,37141.0,42414.5,827.0365578478377,-420.72984384434653,1247.7664016921842,65.0557620817844,2568.9285714285716,54.3567651497723,84626.4,5591255,41709.4,2997.0,4.783337323437875
2026-04-27,40005.0,40680.0,38905.0,39020.0,178923,67876,42315.0,40699.0,37308.0,42222.916666666664,679.295858045014,-200.72470346647444,880.0205615114885,64.31041936878512,2587.5,25.643301054608887,92845.0,5412332,43394.2,2224.0,3.3875586425394566
2026-04-28,39020.0,39680.0,37690.0,38905.0,262191,65242,41561.0,41181.0,37425.75,42026.0,546.6295450024045,-51.25385377269866,597.8833987751032,63.52146437132273,2575.0,14.809499557363859,105128.0,5150141,44927.1,-2634.0,-3.880605810595794
2026-04-29,39150.0,39955.0,38305.0,38585.0,198501,65209,40218.0,41118.0,37595.0,41814.416666666664,410.932239399197,41.183364861680474,369.7488745375165,65.49090092114132,2584.285714285714,15.210817068431385,114514.9,4951640,46464.75,-33.0,-0.05058091413506771
2026-04-30,38300.0,39200.0,38105.0,38380.0,103683,63022,39109.0,41018.0,37778.0,41589.083333333336,283.580421739709,89.66277623728618,193.9176455024228,64.19977298524404,2560.3571428571427,8.564040729837847,119166.95,4847957,47863.85,-2187.0,-3.353831526323059
2026-05-06,38300.0,39725.0,38145.0,39080.0,102697,65319,38794.0,40948.0,37969.75,41393.666666666664,236.4121267445007,119.0126463387291,117.39948040577161,60.73207171314741,2468.5714285714284,11.60737902497243,123536.2,4950654,49370.4,2297.0,3.6447589730570273
2026-05-07,39210.0,41600.0,38100.0,40430.0,203650,66155,39076.0,40695.5,38302.75,41245.25,304.4550622696843,156.10112952492014,148.35393274476414,65.29284164859001,2536.0714285714284,21.33166264011445,132130.4,5154304,50801.25,836.0,1.2798726251167292
2026-05-08,40855.0,41750.0,38515.0,38540.0,183130,65494,39003.0,40282.0,38609.75,41101.916666666664,203.526250361836,165.58615369230333,37.940096669532664,48.0719794344473,2373.214285714286,12.222153375769743,140250.05,4971174,52118.95,-661.0,-0.9991686191519911
